Workbook

Sheet Configuration
B1: Instructions: Only Configure tabs and cells highlighted in Blue 1. Select number of BMS monitors in the daisy chain 2. Enter SPI clock period 3. Select ADC Mode 4. Enter SPI Transaction MCU overhead (%) 5. SPI Transaction MCU Overhead time constant
B2: Number of ICs | C2: 1
B4: SPI Clock Period | C4: 5e-07
B5: ADC Mode | C5: Continuous
B6: SPI Transaction MCU Overhead (%) | C6: 0.3 | D6: 40% is based on a 200MHz System Clock MCU test
B7: SPI Transaction MCU Overhead time constant | C7: 2e-05 | D7: 30us is based on a 200MHz System Clock MCU test

Sheet Loop Information
A1: Measurement & Diagnostic Summary
A2: Cycle # | B2: Cell Measurement | C2: SM_VCELL_RED | D2: SM_IIR_RED | E2: SM_SPI_RED | F2: SM_SPI_PEC | G2: SM_CLOCK_MON | H2: SM_FREEZE_SEQ | I2: SM_POWER_MON | J2: SM_POWER_OOR | K2: SM_CELL_OWD | L2: SM_VCELL_OOR | M2: SM_VGPIO_RED | N2: SM_VGPIO_OOR | O2: SM_SPI_CNT | P2: SM_TMOD_IND | Q2: SM_DIETEMP_OOR | R2: SM_SLEEP_IND | S2: SM_VREF2_OOR | T2: SM_NVM_ECC | U2: Comm Time Duration (Secs) | V2: Cycle PWM Disabled time (ms) | Y2: Created using ADBMS6830 Safety Manual Version 0.4 (PrD) | Z2: Rev 1.23
C3: SM1- | D3: SM2- | E3: SM3- | F3: SM4- | G3: SM5- | H3: SM6- | I3: SM7- | J3: SM8- | K3: SM9- | L3: SM12- | M3: SM14- | N3: SM15- | O3: SM16- | P3: SM17- | Q3: SM18- | R3: SM19- | S3: SM20- | T3: SM21- | Y3: Last edit | Z3: 44573
A4: 1 | B4: ✔ | C4: =IF(COUNTIF($Z$24:$Z$28,"*"&C3&"*"),"✔","") | D4: =IF(COUNTIF($Z$24:$Z$28,"*"&D3&"*"),"✔","") | E4: =IF(COUNTIF($Z$24:$Z$28,"*"&E3&"*"),"✔","") | F4: =IF(COUNTIF($Z$24:$Z$28,"*"&F3&"*"),"✔","") | G4: =IF(COUNTIF($Z$24:$Z$28,"*"&G3&"*"),"✔","") | H4: =IF(COUNTIF($Z$24:$Z$29,"*"&H3&"*"),"✔","") -> ✔ | I4: =IF(COUNTIF($Z$24:$Z$28,"*"&I3&"*"),"✔","") | J4: =IF(COUNTIF($Z$24:$Z$28,"*"&J3&"*"),"✔","") | K4: =IF(COUNTIF($Z$24:$Z$28,"*"&K3&"*"),"✔","") | L4: =IF(COUNTIF($Z$24:$Z$28,"*"&L3&"*"),"✔","") -> ✔ | M4: =IF(COUNTIF($Z$24:$Z$28,"*"&M3&"*"),"✔","") | N4: =IF(COUNTIF($Z$24:$Z$28,"*"&N3&"*"),"✔","") | O4: =IF(COUNTIF($Z$24:$Z$28,"*"&O3&"*"),"✔","") | P4: =IF(COUNTIF($Z$24:$Z$28,"*"&P3&"*"),"✔","") | ... T4: =IF(COUNTIF($Z$24:$Z$28,"*"&T3&"*"),"✔","") | U4: =AA31+0.0022 -> 0.0030632 | V4: =AE32 -> 0
A5: 2 | B5: ✔ | C5: =IF(COUNTIF($Z$35:$Z$37,"*"&C3&"*"),"✔","") | D5: =IF(COUNTIF($Z$35:$Z$37,"*"&D3&"*"),"✔","") | E5: =IF(COUNTIF($Z$35:$Z$37,"*"&E3&"*"),"✔","") | F5: =IF(COUNTIF($Z$35:$Z$37,"*"&F3&"*"),"✔","") | G5: =IF(COUNTIF($Z$35:$Z$37,"*"&G3&"*"),"✔","") | H5: =IF(COUNTIF($Z$35:$Z$37,"*"&H3&"*"),"✔","") | I5: =IF(COUNTIF($Z$35:$Z$37,"*"&I3&"*"),"✔","") | J5: =IF(COUNTIF($Z$35:$Z$37,"*"&J3&"*"),"✔","") | ... T5: =IF(COUNTIF($Z$35:$Z$37,"*"&T3&"*"),"✔","") | U5: =AA39 -> 0.0007392 | V5: =AE40 -> 0.0092608
A6: 3 | B6: ✔ | C6: =IF(COUNTIF($Z$43:$Z$44,"*"&C3&"*"),"✔","") | D6: =IF(COUNTIF($Z$43:$Z$44,"*"&D3&"*"),"✔","") | E6: =IF(COUNTIF($Z$43:$Z$44,"*"&E3&"*"),"✔","") | F6: =IF(COUNTIF($Z$43:$Z$44,"*"&F3&"*"),"✔","") | G6: =IF(COUNTIF($Z$43:$Z$44,"*"&G3&"*"),"✔","") | H6: =IF(COUNTIF($Z$43:$Z$44,"*"&H3&"*"),"✔","") | I6: =IF(COUNTIF($Z$43:$Z$44,"*"&I3&"*"),"✔","") | J6: =IF(COUNTIF($Z$43:$Z$44,"*"&J3&"*"),"✔","") | ... T6: =IF(COUNTIF($Z$43:$Z$44,"*"&T3&"*"),"✔","") | U6: =AA45 -> 0.000576 | V6: =AE46 -> 0.01
A7: 4 | B7: ✔ | C7: =IF(COUNTIF($Z$49:$Z$50,"*"&C3&"*"),"✔","") | D7: =IF(COUNTIF($Z$49:$Z$50,"*"&D3&"*"),"✔","") | E7: =IF(COUNTIF($Z$49:$Z$50,"*"&E3&"*"),"✔","") | F7: =IF(COUNTIF($Z$49:$Z$50,"*"&F3&"*"),"✔","") | G7: =IF(COUNTIF($Z$49:$Z$50,"*"&G3&"*"),"✔","") | H7: =IF(COUNTIF($Z$49:$Z$50,"*"&H3&"*"),"✔","") | I7: =IF(COUNTIF($Z$49:$Z$50,"*"&I3&"*"),"✔","") | J7: =IF(COUNTIF($Z$49:$Z$50,"*"&J3&"*"),"✔","") | ... T7: =IF(COUNTIF($Z$49:$Z$50,"*"&T3&"*"),"✔","") | U7: =AA52+0.0024 -> 0.0036336 | V7: =AE53 -> 0.000576
A8: 5 | B8: ✔ | C8: =IF(COUNTIF($Z$56:$Z$57,"*"&C3&"*"),"✔","") | D8: =IF(COUNTIF($Z$56:$Z$57,"*"&D3&"*"),"✔","") | E8: =IF(COUNTIF($Z$56:$Z$57,"*"&E3&"*"),"✔","") | F8: =IF(COUNTIF($Z$56:$Z$57,"*"&F3&"*"),"✔","") | G8: =IF(COUNTIF($Z$56:$Z$57,"*"&G3&"*"),"✔","") | H8: =IF(COUNTIF($Z$56:$Z$57,"*"&H3&"*"),"✔","") | I8: =IF(COUNTIF($Z$56:$Z$57,"*"&I3&"*"),"✔","") | J8: =IF(COUNTIF($Z$56:$Z$57,"*"&J3&"*"),"✔","") | ... T8: =IF(COUNTIF($Z$56:$Z$57,"*"&T3&"*"),"✔","") | U8: =AA58 -> 0.000576 | V8: =AE59 -> 0
A9: 6 | B9: ✔ | C9: =IF(COUNTIF($Z$62:$Z$63,"*"&C3&"*"),"✔","") | D9: =IF(COUNTIF($Z$62:$Z$63,"*"&D3&"*"),"✔","") | E9: =IF(COUNTIF($Z$62:$Z$63,"*"&E3&"*"),"✔","") | F9: =IF(COUNTIF($Z$62:$Z$63,"*"&F3&"*"),"✔","") | G9: =IF(COUNTIF($Z$62:$Z$63,"*"&G3&"*"),"✔","") | H9: =IF(COUNTIF($Z$62:$Z$63,"*"&H3&"*"),"✔","") | I9: =IF(COUNTIF($Z$62:$Z$63,"*"&I3&"*"),"✔","") | J9: =IF(COUNTIF($Z$62:$Z$63,"*"&J3&"*"),"✔","") | ... T9: =IF(COUNTIF($Z$62:$Z$63,"*"&T3&"*"),"✔","") | U9: =AA64 -> 0.001152 | V9: =AE65 -> 0.0088408 | Y9: FDTI | Z9: =J18 -> 0.1 | AA9: Configures the Target FDTI
A10: 7 | B10: ✔ | C10: =IF(COUNTIF($Z$68:$Z$69,"*"&C3&"*"),"✔","") | D10: =IF(COUNTIF($Z$68:$Z$69,"*"&D3&"*"),"✔","") | E10: =IF(COUNTIF($Z$68:$Z$69,"*"&E3&"*"),"✔","") | F10: =IF(COUNTIF($Z$68:$Z$69,"*"&F3&"*"),"✔","") | G10: =IF(COUNTIF($Z$68:$Z$69,"*"&G3&"*"),"✔","") | H10: =IF(COUNTIF($Z$68:$Z$69,"*"&H3&"*"),"✔","") | I10: =IF(COUNTIF($Z$68:$Z$69,"*"&I3&"*"),"✔","") | J10: =IF(COUNTIF($Z$68:$Z$69,"*"&J3&"*"),"✔","") | ... T10: =IF(COUNTIF($Z$68:$Z$69,"*"&T3&"*"),"✔","") | U10: =AA70 -> 0.000576 | V10: =AE71 -> 0 | Y10: Measurement & Diagnostic Total Time
A11: 8 | B11: ✔ | C11: =IF(COUNTIF($Z$74:$Z$75,"*"&C3&"*"),"✔","") | D11: =IF(COUNTIF($Z$74:$Z$75,"*"&D3&"*"),"✔","") | E11: =IF(COUNTIF($Z$74:$Z$75,"*"&E3&"*"),"✔","") | F11: =IF(COUNTIF($Z$74:$Z$75,"*"&F3&"*"),"✔","") | G11: =IF(COUNTIF($Z$74:$Z$75,"*"&G3&"*"),"✔","") | H11: =IF(COUNTIF($Z$74:$Z$75,"*"&H3&"*"),"✔","") | I11: =IF(COUNTIF($Z$74:$Z$75,"*"&I3&"*"),"✔","") | J11: =IF(COUNTIF($Z$74:$Z$75,"*"&J3&"*"),"✔","") | ... T11: =IF(COUNTIF($Z$74:$Z$75,"*"&T3&"*"),"✔","") | U11: =AA76 -> 0.0010704 | V11: =AE77 -> 0 | Y11: Cell Data Update Rate | Z11: =J20 -> 0.01 | AA11: Configures Cell data update interval. Time calculations are based on this target interval
A12: 9 | B12: ✔ | C12: =IF(COUNTIF($Z$80:$Z$81,"*"&C3&"*"),"✔","") | D12: =IF(COUNTIF($Z$80:$Z$81,"*"&D3&"*"),"✔","") | E12: =IF(COUNTIF($Z$80:$Z$81,"*"&E3&"*"),"✔","") | F12: =IF(COUNTIF($Z$80:$Z$81,"*"&F3&"*"),"✔","") | G12: =IF(COUNTIF($Z$80:$Z$81,"*"&G3&"*"),"✔","") | H12: =IF(COUNTIF($Z$80:$Z$81,"*"&H3&"*"),"✔","") | I12: =IF(COUNTIF($Z$80:$Z$81,"*"&I3&"*"),"✔","") | J12: =IF(COUNTIF($Z$80:$Z$81,"*"&J3&"*"),"✔","") | ... T12: =IF(COUNTIF($Z$80:$Z$81,"*"&T3&"*"),"✔","") | U12: =AA82 -> 0.0012352 | V12: =AE83 -> 0
A13: 10 | B13: ✔ | C13: =IF(COUNTIF($Z$85:$Z$87,"*"&C3&"*"),"✔","") -> ✔ | D13: =IF(COUNTIF($Z$85:$Z$87,"*"&D3&"*"),"✔","") -> ✔ | E13: =IF(COUNTIF($Z$85:$Z$87,"*"&E3&"*"),"✔","") -> ✔ | F13: =IF(COUNTIF($Z$85:$Z$87,"*"&F3&"*"),"✔","") -> ✔ | G13: =IF(COUNTIF($Z$85:$Z$87,"*"&G3&"*"),"✔","") -> ✔ | H13: =IF(COUNTIF($Z$85:$Z$87,"*"&H3&"*"),"✔","") | I13: =IF(COUNTIF($Z$85:$Z$87,"*"&I3&"*"),"✔","") -> ✔ | J13: =IF(COUNTIF($Z$85:$Z$87,"*"&J3&"*"),"✔","") -> ✔ | ... T13: =IF(COUNTIF($Z$85:$Z$87,"*"&T3&"*"),"✔","") -> ✔ | U13: =AA90 -> 0.0012344 | V13: =AE90 -> 0
A14: SM Summary | B14: =IF(COUNTIF(B4:B13,"✔"),"✔","") -> ✔ | C14: =IF(COUNTIF(C4:C13,"✔"),"✔","") -> ✔ | D14: =IF(COUNTIF(D4:D13,"✔"),"✔","") -> ✔ | E14: =IF(COUNTIF(E4:E13,"✔"),"✔","") -> ✔ | F14: =IF(COUNTIF(F4:F13,"✔"),"✔","") -> ✔ | G14: =IF(COUNTIF(G4:G13,"✔"),"✔","") -> ✔ | H14: =IF(COUNTIF(H4:H13,"✔"),"✔","") -> ✔ | I14: =IF(COUNTIF(I4:I13,"✔"),"✔","") -> ✔ | ... T14: =IF(COUNTIF(T4:T13,"✔"),"✔","") -> ✔
V15: Total Available PWM discharge time Per FDTI | W15: =Z9-SUM(V4:V13) -> 0.0713224
V16: PWM MAX Duty Cycle | W16: =AE95 -> 0.713224
A18: FDTI | J18: 0.1 | U18: Configures the Target FDTI
A19: Measurement & Diagnostic Total Time | J19: =AA94 -> 0.013856 | Y19: Note that delays are assumed to be implemented as non-blocking. SPI communication time includes SPI transaction time + MCU overhead time
A20: Cell Data Update Rate | J20: 0.01 | U20: Configures Cell data update interval. Time calculations are based on this target interval
X23: No. | Y23: Meas/Diagn Functions | Z23: SMs Covered | AA23: Execution Time(s) | AB23: Avg Func Current(A) | AC23: Coulomb(A*s) | AE23: PWM Disabled time
Y24: Cycle 1 | AG24: START | AH24: END | AI24: Time
X25: 1 | Y25: ='Safety Mechanism Timing'!B187 -> Cell Measurements - Cycle 1 | Z25: ='Safety Mechanism Timing'!B197 -> SM12- | AA25: ='Safety Mechanism Timing'!G197 -> 0.000576 | AB25: ='Safety Mechanism Timing'!H197 -> 0.00825 | AC25: =AB25*AA25 -> 4.752e-06 | AE25: ='Safety Mechanism Timing'!J197 -> 0 | AG25: =(X25-1)*$J$20 -> 0 | AH25: =AG25+AA25 -> 0.000576 | AI25: =AH25-AG25 -> 0.000576 | AK25: =_xlfn.CONCAT("Periodic Cell Measurement-",Z25) -> Periodic Cell Measurement-SM12-
X26: 1.1 | Y26: ='Safety Mechanism Timing'!B199 -> SM6 - Initialization | Z26: ='Safety Mechanism Timing'!B203 | AA26: ='Safety Mechanism Timing'!G203 -> 8.16e-05 | AB26: ='Safety Mechanism Timing'!H203 -> 0.00825 | AC26: =AB26*AA26 -> 6.732e-07 | AE26: ='Safety Mechanism Timing'!J203 -> 0 | AG26: =AH25 -> 0.000576 | AH26: =AG26+AA26 -> 0.0006576 | AI26: =AH26-AG26 -> 8.16e-05 | AK26: =_xlfn.CONCAT(Y26,"-",Z26) -> SM6 - Initialization-
X27: 1.2 | Y27: ='Safety Mechanism Timing'!B205 -> SM6 - 2.2ms Delay | Z27: ='Safety Mechanism Timing'!B208 | AB27: ='Safety Mechanism Timing'!H208 -> 0 | AC27: =AB27*AA27 -> 0 | AE27: ='Safety Mechanism Timing'!J208 -> 0 | AG27: =AH26 -> 0.0006576 | AH27: =AG27+AA27+0.0022 -> 0.0028576 | AI27: =AH27-AG27 -> 0.0022 | AK27: =_xlfn.CONCAT(Y27,"-",Z27) -> SM6 - 2.2ms Delay-
X28: 1.3 | Y28: ='Safety Mechanism Timing'!B210 -> SM6 - Cell Value Out-of-Range Test | Z28: ='Safety Mechanism Timing'!B214 | AA28: ='Safety Mechanism Timing'!G214 -> 0.0001232 | AB28: ='Safety Mechanism Timing'!H214 -> 0.00825 | AC28: =AB28*AA28 -> 1.0164e-06 | AE28: ='Safety Mechanism Timing'!J214 -> 0 | AG28: =AH27 -> 0.0028576 | AH28: =AG28+AA28 -> 0.0029808 | AI28: =AH28-AG28 -> 0.0001232 | AK28: =_xlfn.CONCAT(Y28,"-",Z28) -> SM6 - Cell Value Out-of-Range Test-
X29: 1.4 | Y29: ='Safety Mechanism Timing'!B216 -> SM6 - Cell Value In-Range test | Z29: ='Safety Mechanism Timing'!B219 -> SM6- | AA29: ='Safety Mechanism Timing'!G219 -> 8.24e-05 | AE29: ='Safety Mechanism Timing'!J219 -> 0
AE30: ='Safety Mechanism Timing'!J224 -> 0
Z31: SPI comm time | AA31: =SUM(AA25:AA29) -> 0.0008632
Z32: Cycle Time Margin | AA32: =IF((($Z$11-AA31)-0.0022) >0,($Z$11-AA31)-0.0022,0) -> 0.0069368 | AD32: Cycle PWM Disabled Time | AE32: =SUM(AE25:AE29) -> 0
Y34: Cycle 2 | AG34: START | AH34: END | AI34: Time
X35: 2 | Y35: ='Safety Mechanism Timing'!B226 -> Cell Measurements - Cycle 2 | Z35: ='Safety Mechanism Timing'!B236 -> SM12- | AA35: ='Safety Mechanism Timing'!G236 -> 0.000576 | AB35: ='Safety Mechanism Timing'!H236 -> 0.00825 | AC35: =AB35*AA35 -> 4.752e-06 | AE35: ='Safety Mechanism Timing'!J236 -> 0 | AG35: =(X35-1)*$J$20 -> 0.01 | AH35: =AG35+AA35 -> 0.010576 | AI35: =AH35-AG35 -> 0.000576 | AK35: =_xlfn.CONCAT("Periodic Cell Measurement-",Z35) -> Periodic Cell Measurement-SM12-
X36: 2.1 | Y36: ='Safety Mechanism Timing'!B238 -> Trigger AUX ADC & Redundant AUX ADC | Z36: ='Safety Mechanism Timing'!B248 | AA36: ='Safety Mechanism Timing'!G243 -> 0.0001224 | AB36: ='Safety Mechanism Timing'!H243 -> 0.010256667 | AC36: =AB36*AA36 -> 1.255416e-06 | AE36: ='Safety Mechanism Timing'!J243 -> 0 | AG36: =AH35 -> 0.010576 | AH36: =AG36+AA36 -> 0.0106984 | AI36: =AH36-AG36 -> 0.0001224 | AK36: =_xlfn.CONCAT(Y36,"-",Z36) -> Trigger AUX ADC & Redundant AUX ADC-
X37: 2.2 | Y37: ='Safety Mechanism Timing'!B245 -> SM1 - Trigger Cell Redundant Measuments | Z37: ='Safety Mechanism Timing'!B248 | AA37: ='Safety Mechanism Timing'!G248 -> 4.08e-05 | AB37: ='Safety Mechanism Timing'!H248 -> 0.01126 | AC37: =AB37*AA37 -> 4.59408e-07 | AE37: ='Safety Mechanism Timing'!J248 -> 0 | AG37: =AH36 -> 0.0106984 | AH37: =AG37+AA37 -> 0.0107392 | AI37: =AH37-AG37 -> 4.08e-05 | AK37: =_xlfn.CONCAT(Y37,"-",Z37) -> SM1 - Trigger Cell Redundant Measuments-
Y38: 1st Delay (~3.0ms) | AE38: ='Safety Mechanism Timing'!J253 -> 0.0092608
Z39: SPI comm time | AA39: =SUM(AA35:AA38) -> 0.0007392
Z40: Cycle Time Margin | AA40: =IF(($Z$11-AA39) > 0, $Z$11-AA39,0) -> 0.0092608 | AD40: Cycle PWM Disabled Time | AE40: =SUM(AE35:AE38) -> 0.0092608
Y42: Cycle 3 | AG42: START | AH42: END | AI42: Time
X43: 3 | Y43: ='Safety Mechanism Timing'!B255 -> Cell Measurements - Cycle 3 | Z43: ='Safety Mechanism Timing'!B265 -> SM12- | AA43: ='Safety Mechanism Timing'!G265 -> 0.000576 | AB43: ='Safety Mechanism Timing'!H265 -> 0.00825 | AC43: =AB43*AA43 -> 4.752e-06 | AE43: ='Safety Mechanism Timing'!J265 -> 0.000576 | AG43: =(X43-1)*$J$20 -> 0.02 | AH43: =AG43+AA43 -> 0.020576 | AI43: =AH43-AG43 -> 0.000576 | AK43: =_xlfn.CONCAT("Periodic Cell Measurement-",Z43) -> Periodic Cell Measurement-SM12-
Y44: 2nd Delay (~ 3.8 ms) | AE44: ='Safety Mechanism Timing'!J270 -> 0.009424
Z45: SPI comm time | AA45: =SUM(AA43) -> 0.000576
Z46: Cycle Time Margin | AA46: =IF(($Z$11-AA45) >0,$Z$11-AA45,0) -> 0.009424 | AD46: Cycle PWM Disabled Time | AE46: =SUM(AE43:AE44) -> 0.01
Y48: Cycle 4 | AG48: START | AH48: END | AI48: Time
X49: 4 | Y49: ='Safety Mechanism Timing'!B272 -> Cell Measurements - Cycle 4 | Z49: ='Safety Mechanism Timing'!B265 -> SM12- | AA49: ='Safety Mechanism Timing'!G282 -> 0.000576 | AB49: ='Safety Mechanism Timing'!H282 -> 0.00825 | AC49: =AB49*AA49 -> 4.752e-06 | AE49: ='Safety Mechanism Timing'!J282 -> 0.000576 | AG49: =(X49-1)*$J$20 -> 0.03 | AH49: =AG49+AA49 -> 0.030576 | AI49: =AH49-AG49 -> 0.000576 | AK49: =_xlfn.CONCAT("Periodic Cell Measurement-",Z49) -> Periodic Cell Measurement-SM12-
X50: 4.1 | Y50: ='Safety Mechanism Timing'!B284 -> Redundant Measurement 16ms Delay | Z50: ='Safety Mechanism Timing'!B287 | AA50: ='Safety Mechanism Timing'!G287 -> 0 | AB50: ='Safety Mechanism Timing'!H287 -> 0 | AC50: =AB50*AA50 -> 0 | AE50: ='Safety Mechanism Timing'!J284 -> 0 | AG50: =AH49 -> 0.030576 | AH50: =AG50+AA50 -> 0.030576 | AI50: =AH50-AG50 -> 0
X51: 4.2 | Y51: ='Safety Mechanism Timing'!B289 -> SM9 - Trigger OW Even Ch & Read Even Ch OW Baseline | Z51: ='Safety Mechanism Timing'!B301 -> SM9- | AA51: ='Safety Mechanism Timing'!G301 -> 0.0006576 | AB51: ='Safety Mechanism Timing'!H301 -> 0.0084367518 | AC51: =AB51*AA51 -> 5.548008e-06 | AE51: ='Safety Mechanism Timing'!J301 -> 0.0006576 | AG51: =AH50 -> 0.030576 | AH51: =AG51+AA51 -> 0.0312336 | AI51: =AH51-AG51 -> 0.0006576 | AK51: =_xlfn.CONCAT(Y51,"-",Z51) -> SM9 - Trigger OW Even Ch & Read Even Ch OW Baseline-SM9-
Z52: SPI comm time | AA52: =SUM(AA49,AA51) -> 0.0012336
Z53: Cycle Time Margin | AA53: =IF(($Z$11-AA52) >0,$Z$11-AA52,0) -> 0.0087664 | AD53: Cycle PWM Disabled Time | AE53: =SUM(AE49:AE50) -> 0.000576
Y55: Cycle 5 | AG55: START | AH55: END | AI55: Time
X56: 5 | Y56: ='Safety Mechanism Timing'!B308 -> Cell Measurements - Cycle 5 | Z56: ='Safety Mechanism Timing'!B318 -> SM12- | AA56: ='Safety Mechanism Timing'!G318 -> 0.000576 | AB56: ='Safety Mechanism Timing'!H318 -> 0.00825 | AC56: =AB56*AA56 -> 4.752e-06 | AE56: ='Safety Mechanism Timing'!J318 -> 0 | AG56: =(X56-1)*$J$20 -> 0.04 | AH56: =AG56+AA56 -> 0.040576 | AI56: =AH56-AG56 -> 0.000576 | AK56: =_xlfn.CONCAT("Periodic ",Y56,"-",Z56) -> Periodic Cell Measurements - Cycle 5-SM12-
Y57: 5th Delay (~225us) | AE57: ='Safety Mechanism Timing'!J323 -> 0
Z58: SPI comm time | AA58: =SUM(AA56:AA56) -> 0.000576
Z59: Cycle Time Margin | AA59: =IF(($Z$11-AA58)>0,$Z$11-AA58,0) -> 0.009424 | AD59: Cycle PWM Disabled Time | AE59: =SUM(AE56:AE57) -> 0
Y61: Cycle 6 | AG61: START | AH61: END | AI61: Time
X62: 6 | Y62: ='Safety Mechanism Timing'!B325 -> Cell Measurements - Cycle 6 & SM9 - Trigger OW Odd Ch & Read Odd Ch OW Baseline & Even Ch OW Data | Z62: =_xlfn.CONCAT('Safety Mechanism Timing'!B343, " ",'Safety Mechanism Timing'!B265) -> SM9- SM12- | AA62: ='Safety Mechanism Timing'!G343 -> 0.001152 | AB62: ='Safety Mechanism Timing'!H343 -> 0.0083566042 | AC62: =AB62*AA62 -> 9.626808e-06 | AE62: ='Safety Mechanism Timing'!J343 -> 0.000576 | AG62: =(X62-1)*$J$20 -> 0.05 | AH62: =AG62+AA62 -> 0.051152 | AI62: =AH62-AG62 -> 0.001152 | AK62: =_xlfn.CONCAT("Periodic ",Y62,"-",Z62) -> Periodic Cell Measurements - Cycle 6 & SM9 - Trigger OW Odd Ch & Read Odd Ch OW Baseline & Even Ch OW Data-SM9- SM12-
Y63: ='Safety Mechanism Timing'!B345 -> Cycle 6 Margin | Z63: ='Safety Mechanism Timing'!B348 | AE63: ='Safety Mechanism Timing'!J348 -> 0.0082648
Z64: SPI comm time | AA64: =SUM(AA62:AA63) -> 0.001152
Z65: Cycle Time Margin | AA65: =IF(($Z$11-AA64)>0,$Z$11-AA64,0) -> 0.008848 | AD65: Cycle PWM Disabled Time | AE65: =SUM(AE62:AE63) -> 0.0088408
Y67: Cycle 7 | AG67: START | AH67: END | AI67: Time
X68: 7 | Y68: ='Safety Mechanism Timing'!B350 -> Cell Measurements - Cycle 7 | Z68: ='Safety Mechanism Timing'!B265 -> SM12- | AA68: ='Safety Mechanism Timing'!G360 -> 0.000576 | AB68: ='Safety Mechanism Timing'!H360 -> 0.00825 | AC68: =AB68*AA68 -> 4.752e-06 | AE68: ='Safety Mechanism Timing'!J360 -> 0 | AG68: =(X68-1)*$J$20 -> 0.06 | AH68: =AG68+AA68 -> 0.060576 | AI68: =AH68-AG68 -> 0.000576 | AK68: =_xlfn.CONCAT("Periodic ",Y68,"-",Z68) -> Periodic Cell Measurements - Cycle 7-SM12-
Y69: ='Safety Mechanism Timing'!B362 -> Cycle 7 Margin | Z69: ='Safety Mechanism Timing'!B365 | AE69: ='Safety Mechanism Timing'!J365 -> 0
Z70: SPI comm time | AA70: =SUM(AA68:AA68) -> 0.000576
Z71: Cycle Time Margin | AA71: =IF(($Z$11-AA70)>0,$Z$11-AA70,0) -> 0.009424 | AD71: Cycle PWM Disabled Time | AE71: =SUM(AE68:AE69) -> 0
Y73: Cycle 8 | AG73: START | AH73: END | AI73: Time
X74: 8 | Y74: ='Safety Mechanism Timing'!B367 -> Cell Measurements - Cycle 8 & SM9 -Read Odd Ch OW Data | Z74: =_xlfn.CONCAT('Safety Mechanism Timing'!B343, " ",'Safety Mechanism Timing'!B265) -> SM9- SM12- | AA74: ='Safety Mechanism Timing'!G383 -> 0.0010704 | AB74: ='Safety Mechanism Timing'!H383 -> 0.00825 | AC74: =AB74*AA74 -> 8.8308e-06 | AE74: ='Safety Mechanism Timing'!J383 -> 0 | AG74: =(X74-1)*$J$20 -> 0.07 | AH74: =AG74+AA74 -> 0.0710704 | AI74: =AH74-AG74 -> 0.0010704 | AK74: =_xlfn.CONCAT("Periodic ",Y74,"-",Z74) -> Periodic Cell Measurements - Cycle 8 & SM9 -Read Odd Ch OW Data-SM9- SM12-
Y75: ='Safety Mechanism Timing'!B385 -> Cycle 8 Margin | Z75: ='Safety Mechanism Timing'!B388 | AB75: ='Safety Mechanism Timing'!H388 -> 0 | AC75: =AB75*AA75 -> 0 | AE75: ='Safety Mechanism Timing'!J388 -> 0
Z76: SPI comm time | AA76: =SUM(AA74:AA74) -> 0.0010704
Z77: Cycle Time Margin | AA77: =IF(($Z$11-AA76)>0,$Z$11-AA76,0) -> 0.0089296 | AD77: Cycle PWM Disabled Time | AE77: =SUM(AE74:AE75) -> 0
Y79: Cycle 9 | AG79: START | AH79: END | AI79: Time
X80: 9 | Y80: ='Safety Mechanism Timing'!B390 -> Cell Measurements - Cycle 9 & Read AUX & Redundant AUX Data | Z80: ='Safety Mechanism Timing'!B408 -> SM12-SM15-SM14- | AA80: ='Safety Mechanism Timing'!G408 -> 0.0012352 | AB80: ='Safety Mechanism Timing'!H408 -> 0.00825 | AC80: =AB80*AA80 -> 1.01904e-05 | AE80: ='Safety Mechanism Timing'!J408 -> 0 | AG80: =(X80-1)*$J$20 -> 0.08 | AH80: =AG80+AA80 -> 0.0812352 | AI80: =AH80-AG80 -> 0.0012352 | AK80: =_xlfn.CONCAT("Periodic ",Y80,"-",Z80) -> Periodic Cell Measurements - Cycle 9 & Read AUX & Redundant AUX Data-SM12-SM15-SM14-
Y81: ='Safety Mechanism Timing'!B410 -> Cycle 9 Margin | AB81: ='Safety Mechanism Timing'!H413 -> 0 | AC81: =AB81*AA81 -> 0 | AE81: ='Safety Mechanism Timing'!J413 -> 0
Z82: SPI comm time | AA82: =SUM(AA80:AA80) -> 0.0012352
Z83: Cycle Time Margin | AA83: =IF(($Z$11-AA82)>0,$Z$11-AA82,0) -> 0.0087648 | AD83: Cycle PWM Disabled Time | AE83: =SUM(AE80:AE81) -> 0
Y85: Cycle 10 | AG85: START | AH85: END | AI85: Time
X86: 10 | Y86: ='Safety Mechanism Timing'!B416 -> Cell Measurements - Cycle 10 & Read STATUS A, B & Read AUXE(ADBMS6832 Only) | Z86: ='Safety Mechanism Timing'!B429 -> SM12-SM18-SM20-SM8- | AA86: ='Safety Mechanism Timing'!G429 -> 0.0008232 | AB86: ='Safety Mechanism Timing'!H429 -> 0.00825 | AC86: =AB86*AA86 -> 6.7914e-06 | AE86: ='Safety Mechanism Timing'!J429 -> 0 | AG86: =(X86-1)*$J$20 -> 0.09 | AH86: =AG86+AA86 -> 0.0908232 | AI86: =AH86-AG86 -> 0.0008232 | AK86: =_xlfn.CONCAT("Periodic ",Y86,"-",Z86) -> Periodic Cell Measurements - Cycle 10 & Read STATUS A, B & Read AUXE(ADBMS6832 Only)-SM12-SM18-SM20-SM8-
X87: 10.1 | Y87: ='Safety Mechanism Timing'!B431 -> Read/Clear Diagnostic Flags | Z87: ='Safety Mechanism Timing'!B439 -> SM1-SM2-SM3-SM4-SM5-SM7-SM16-SM17-SM19-SM21- | AA87: ='Safety Mechanism Timing'!G439 -> 0.0004112 | AB87: ='Safety Mechanism Timing'!H439 -> 0.00825 | AC87: =AB87*AA87 -> 3.3924e-06 | AE87: ='Safety Mechanism Timing'!J439 -> 0 | AG87: =AH86 -> 0.0908232 | AH87: =AG87+AA87 -> 0.0912344 | AI87: =AH87-AG87 -> 0.0004112 | AK87: =_xlfn.CONCAT(Y87,"-",Z87) -> Read/Clear Diagnostic Flags-SM1-SM2-SM3-SM4-SM5-SM7-SM16-SM17-SM19-SM21-
Y90: Final Delay | Z90: SPI comm time | AA90: =SUM(AA86:AA87) -> 0.0012344
Z91: Cycle Time Margin | AA91: =IF(($Z$11-AA90)>0,$Z$11-AA90,0) -> 0.0087656 | AD91: Cycle PWM Disabled Time | AE91: =SUM(AE86) -> 0
Z94: Total Execution Time | AA94: =SUM(AA31+0.0022+AA39+AA45+AA52+0.0024+AA58+AA64+AA70+AA76+AA82+AA90) -> 0.013856 | AD94: Total PWM Disabled Time | AE94: =SUM(AE32,AE40,AE46,AE53,AE59,AE65,AE71,AE77,AE83,AE91) -> 0.0286776
AD95: PWM MAX Duty Cycle | AE95: =(Z9-AE94)/Z9 -> 0.713224
A97: Cell & GPIO Measurement & Diagnostic Sequence

Sheet Safety Mechanism Timing
B1: Cell Data Update Rate | C1: ='Loop Information'!Z11 -> 0.01 | I1: Comments
B2: SPF SM Main Functions | C2: Main SMs Covered | D2: All SMs Covered | E2: Brief Description | F2: Execution Time(s) | G2: Average Current(A) | H2: PWM Disabled Time(s)
B3: =B22 -> Initialization | C3: N/A | D3: =B30 | E3: C-ADC Continuous Mode Initializtion | F3: =G30 -> 0.0004112 | G3: =H30 -> 0.0078600584 | H3: =J30 -> 0 | I3: Not included in Normal Operation
B4: =B32 -> Cell Measurement Normal Operation | C4: N/A | D4: =B43 -> SM12- | E4: Normal AVG or FILT Cell Measurement | F4: =G43 -> 0.000576 | G4: =H43 -> 0.00825 | H4: =J43 -> 0
B5: =B45 -> Cell Measurements with SM6 | C5: SM6- | D5: =B62 -> SM6-SM12- | E5: Detect the no clocks and wrong freeze protocol state with AVG or FILT Cell Measurement | F5: =G62 -> 0.01 | G5: =H62 -> 0.00071214 | H5: =J62 -> 0
B6: =B64 -> Cell Measurement with SM1 & SM9 | C6: SM1-SM9- | D6: =B147 -> SM12-SM9- | E6: Redundant Cell Measurement and Open Wire Detection with AVG or FILT Cell Measurements | F6: =G147 -> 0.0604128 | G6: =H147 -> 0.00072517122 | H6: =J147 -> 0.0375592
B7: =B149 -> Cell Measurement with AUX-ADC | C7: SM8-SM14-SM15-SM18-SM20- | D7: =B185 -> SM12-SM15-SM8-SM12-SM18-SM20-SM14- | E7: Read AUX-ADC Results with AVG or FILT Cell Measurement | F7: =G185 -> 0.020164 | G7: =H185 -> 0.00097187145 | H7: =J185 -> 0
B8: Total | F8: =SUM(F4:F7) -> 0.0911528 | H8: =SUM(H4:H7) -> 0.0375592
B10: Latent Fault SM Functions | C10: Main SMs Covered | D10: Additional SMs Covered | E10: Brief Description | F10: Execution Time(s) | G10: Average Current(A) | H10: PWM Discharge Time(s)
B11: =B445 -> SM_ SPI_PEC_DIAG | C11: SM22- | D11: =B481 -> SM22- | F11: =G481 -> 0.0020528 | G11: =H481 -> 0.0093268433 | H11: =J481 -> 0
B12: =B483 -> SM_POWER_MON_DIAG | C12: SM23- | D12: =B497 -> SM23- | F12: =G497 -> 0.0047408 | G12: =H497 -> 0.0013409585 | H12: =J497 -> 0
B13: =B499 -> SM_CLOCK_MON_DIAG | C13: SM24- | D13: =B514 -> SM24- | F13: =G514 -> 0.0048232 | G13: =H514 -> 0.0014589932 | H13: =J514 -> 0
B14: =B516 -> SM_SPI_RED_DIAG | C14: SM25- | D14: =B522 -> SM25- | F14: =G522 -> 0.0003296 | G14: =H522 -> 0.00825 | H14: =J522 -> 0
B15: =B524 -> SM_TMOD_IND_DIAG | C15: SM26- | D15: =B532 -> SM26- | F15: =G532 -> 0.0004944 | G15: =H532 -> 0.00825 | H15: =J532 -> 0
B16: =B534 -> SM_THSD_IND_DIAG | C16: SM27- | D16: =B542 -> SM27- | F16: =G542 -> 0.0004944 | G16: =H542 -> 0.00825 | H16: =J542 -> 0
B17: =B544 -> SM_VCELL_CMP_DIAG | C17: SM28- | D17: =B552 -> SM28- | F17: =G552 -> 0.0042464 | G17: =H552 -> 0.00053655237 | H17: =J552 -> 0
B18: =B554 -> SM_CELL_OWD_DIAG | C18: SM29- | D18: =B557 -> SM29- | F18: =G557 -> 0 | G18: =H557 -> 0 | H18: =J557 -> 0
B19: =B559 -> SM_AUXREGS_DIAG | C19: SM30- | D19: =B569 -> SM30- | F19: =G569 -> 0.020452 | G19: =H569 -> 0.00018833405 | H19: =J569 -> 0
B20: =B571 -> SM_NVM_ECC_DIAG | C20: SM31- | D20: =B579 -> SM31- | F20: =G579 -> 0.0004944 | G20: =H579 -> 0.00825 | H20: =J579 -> 0
B22: Initialization
B23: Special Notification | C23: Command | D23: CMDs | E23: Safety Mechanism | F23: Current(A) | G23: Timing(s) | H23: Coulomb(A*s) | J23: PWM Disabled time
C24: SRST | F24: =VLOOKUP(C24,'CMD Timing and Current'!$A$2:$I$96,9,FALSE) -> 0.00131 | G24: =VLOOKUP(C24,'CMD Timing and Current'!$A$2:$I$96,6,FALSE) -> 4.08e-05 | H24: =F24*G24 -> 5.3448e-08 | I24: Initialization with default configurations | J24: 0
C25: WRCFGA | F25: =VLOOKUP(C25,'CMD Timing and Current'!$A$2:$I$96,9,FALSE) -> 0.00825 | G25: =VLOOKUP(C25,'CMD Timing and Current'!$A$2:$I$96,6,FALSE) -> 8.24e-05 | H25: =F25*G25 -> 6.798e-07 | I25: Initialization with default configurations and Corner Frequency FC[2:0] | J25: 0
C26: RDCFGA | F26: =VLOOKUP(C26,'CMD Timing and Current'!$A$2:$I$96,9,FALSE) -> 0.00825 | G26: =VLOOKUP(C26,'CMD Timing and Current'!$A$2:$I$96,6,FALSE) -> 8.24e-05 | H26: =F26*G26 -> 6.798e-07 | I26: Read the Configuration register group A data | J26: 0
C27: CLRFLAG | F27: =VLOOKUP(C27,'CMD Timing and Current'!$A$2:$I$96,9,FALSE) -> 0.00825 | G27: =VLOOKUP(C27,'CMD Timing and Current'!$A$2:$I$96,6,FALSE) -> 8.24e-05 | H27: =F27*G27 -> 6.798e-07 | I27: If any flags that can be cleared by CLRFLG command are set, send CLRFLG command | J27: 0
C28: RDSTATC | F28: =VLOOKUP(C28,'CMD Timing and Current'!$A$2:$I$96,9,FALSE) -> 0.00825 | G28: =VLOOKUP(C28,'CMD Timing and Current'!$A$2:$I$96,6,FALSE) -> 8.24e-05 | H28: =F28*G28 -> 6.798e-07 | I28: make sure the CSxFLT, SPIFLT,OSCCHK,VA_OV, VA_UV, VD_OV,VD_UV,TMODECHK,THSD,SLEEP are zero. | J28: 0
B29: Trigger C-ADC in Continuous mode | C29: ADCV | F29: =VLOOKUP(C29,'CMD Timing and Current'!$A$2:$I$96,9,FALSE) -> 0.01126 | G29: =VLOOKUP(C29,'CMD Timing and Current'!$A$2:$I$96,6,FALSE) -> 4.08e-05 | H29: =F29*G29 -> 4.59408e-07 | I29: Trigger C-ADCs in continuous mode with ADCV command DCP = 0 CONT = 1 OW = 00 RD = 0 | J29: 0
B30: =_xlfn.CONCAT(E24:E29) | E30: Total Time & Average Current | G30: =SUM(G24:G29) -> 0.0004112 | H30: =SUM(H24:H29)/G30 -> 0.0078600584 | J30: =SUM(J24:J29) -> 0
B32: Cell Measurement Normal Operation | D32: Assume ADCV is already in continuous mode
B33: Special Notification | C33: Command | D33: CMDs | E33: Safety Mechanism | F33: Current(A) | G33: Timing(s) | H33: Coulomb(A*s) | J33: PWM Disabled time
C34: SNAP | F34: =VLOOKUP(C34,'CMD Timing and Current'!$A$2:$I$96,9,FALSE) -> 0.00825 | G34: =VLOOKUP(C34,'CMD Timing and Current'!$A$2:$I$96,6,FALSE) -> 4.08e-05 | H34: =F34*G34 -> 3.366e-07 | I34: Send SNAP command | J34: 0
I35: Read Conversion Counter to check if the data is refreshed and CSxFLT, SPIFLT,OSCCHK,VA_OV, VA_UV, VD_OV,VD_UV,TMODECHK,THSD,SLEEP, CED, CMED, SED, SMED are zero. | J35: 0
B36: RD DATA1 | C36: RDFCA | E36: SM12- | F36: =VLOOKUP(C36,'CMD Timing and Current'!$A$2:$I$96,9,FALSE) -> 0.00825 | G36: =VLOOKUP(C36,'CMD Timing and Current'!$A$2:$I$96,6,FALSE) -> 8.24e-05 | H36: =F36*G36 -> 6.798e-07 | I36: Verify Filtered Cell Voltage Register Group A to F are within the range | J36: 0
B37: RD DATA1 | C37: RDFCB | F37: =VLOOKUP(C37,'CMD Timing and Current'!$A$2:$I$96,9,FALSE) -> 0.00825 | G37: =VLOOKUP(C37,'CMD Timing and Current'!$A$2:$I$96,6,FALSE) -> 8.24e-05 | H37: =F37*G37 -> 6.798e-07 | I37: Verify Filtered Cell Voltage Register Group A to F are within the range | J37: 0
B38: RD DATA1 | C38: RDFCC | F38: =VLOOKUP(C38,'CMD Timing and Current'!$A$2:$I$96,9,FALSE) -> 0.00825 | G38: =VLOOKUP(C38,'CMD Timing and Current'!$A$2:$I$96,6,FALSE) -> 8.24e-05 | H38: =F38*G38 -> 6.798e-07 | I38: Verify Filtered Cell Voltage Register Group A to F are within the range | J38: 0
B39: RD DATA1 | C39: RDFCD | F39: =VLOOKUP(C39,'CMD Timing and Current'!$A$2:$I$96,9,FALSE) -> 0.00825 | G39: =VLOOKUP(C39,'CMD Timing and Current'!$A$2:$I$96,6,FALSE) -> 8.24e-05 | H39: =F39*G39 -> 6.798e-07 | I39: Verify Filtered Cell Voltage Register Group A to F are within the range | J39: 0
B40: RD DATA1 | C40: RDFCE | F40: =VLOOKUP(C40,'CMD Timing and Current'!$A$2:$I$96,9,FALSE) -> 0.00825 | G40: =VLOOKUP(C40,'CMD Timing and Current'!$A$2:$I$96,6,FALSE) -> 8.24e-05 | H40: =F40*G40 -> 6.798e-07 | I40: Verify Filtered Cell Voltage Register Group A to F are within the range | J40: 0
B41: RD DATA1 | C41: RDFCF | F41: =VLOOKUP(C41,'CMD Timing and Current'!$A$2:$I$96,9,FALSE) -> 0.00825 | G41: =VLOOKUP(C41,'CMD Timing and Current'!$A$2:$I$96,6,FALSE) -> 8.24e-05 | H41: =F41*G41 -> 6.798e-07 | I41: Verify Filtered Cell Voltage Register Group A to F are within the range | J41: 0
C42: UNSNAP | F42: =VLOOKUP(C42,'CMD Timing and Current'!$A$2:$I$96,9,FALSE) -> 0.00825 | G42: =VLOOKUP(C42,'CMD Timing and Current'!$A$2:$I$96,6,FALSE) -> 4.08e-05 | H42: =F42*G42 -> 3.366e-07 | I42: Send UNSNAP command | J42: 0
B43: =_xlfn.CONCAT(E34:E42) -> SM12- | E43: Total Time & Average Current | G43: =SUM(G34:G42) -> 0.000576 | H43: =SUM(H34:H42)/G43 -> 0.00825 | J43: =SUM(J34:J42) -> 0
B45: Cell Measurements with SM6 | D45: Assume ADCV is already in continuous mode
B46: Special Notification | C46: Command | D46: CMDs | E46: Safety Mechanism | F46: Current(A) | G46: Timing(s) | H46: Coulomb(A*s) | J46: PWM Disabled time
C47: SNAP | E47: SM6- | F47: =VLOOKUP(C47,'CMD Timing and Current'!$A$2:$I$96,9,FALSE) -> 0.00825 | G47: =VLOOKUP(C47,'CMD Timing and Current'!$A$2:$I$96,6,FALSE) -> 4.08e-05 | H47: =F47*G47 -> 3.366e-07 | I47: Send SNAP command | J47: 0
C48: CLRCELL | F48: =VLOOKUP(C48,'CMD Timing and Current'!$A$2:$I$96,9,FALSE) -> 0.00825 | G48: =VLOOKUP(C48,'CMD Timing and Current'!$A$2:$I$96,6,FALSE) -> 4.08e-05 | H48: =F48*G48 -> 3.366e-07 | I48: Clear Cell Voltage Register Groups A to F | J48: 0
B49: Delay 2 ms | C49: - | G49: 0.0022 | I49: Wait 2ms. See 'SM_NOCLOCK_DET' section in Safety Manual | J49: 0
B50: Out-of-range Test | C50: RDCVA | F50: =VLOOKUP(C50,'CMD Timing and Current'!$A$2:$I$96,9,FALSE) -> 0.00825 | G50: =VLOOKUP(C50,'CMD Timing and Current'!$A$2:$I$96,6,FALSE) -> 8.24e-05 | H50: =F50*G50 -> 6.798e-07 | I50: Verify Cell Voltage Register Group A are out-of-range low value (0x8000) | J50: 0
C51: UNSNAP | F51: =VLOOKUP(C51,'CMD Timing and Current'!$A$2:$I$96,9,FALSE) -> 0.00825 | G51: =VLOOKUP(C51,'CMD Timing and Current'!$A$2:$I$96,6,FALSE) -> 4.08e-05 | H51: =F51*G51 -> 3.366e-07 | I51: Send UNSNAP command | J51: 0
B52: In-range Test | C52: RDCVA | F52: =VLOOKUP(C52,'CMD Timing and Current'!$A$2:$I$96,9,FALSE) -> 0.00825 | G52: =VLOOKUP(C52,'CMD Timing and Current'!$A$2:$I$96,6,FALSE) -> 8.24e-05 | H52: =F52*G52 -> 6.798e-07 | I52: Verify Cell Voltage Register Group A are within the range. See 'SM_SNAP_CLEAR_UNSNAP_READ' section in Safety Manual | J52: 0
B53: Wait time if DATA is NOT ready yet | C53: - | G53: =C1-SUM(G34:G42)-SUM(G47:G52) -> 0.0069368 | I53: Make sure at least 8ms from the last DATA read | J53: 0
C54: SNAP | F54: =VLOOKUP(C54,'CMD Timing and Current'!$A$2:$I$96,9,FALSE) -> 0.00825 | G54: =VLOOKUP(C54,'CMD Timing and Current'!$A$2:$I$96,6,FALSE) -> 4.08e-05 | H54: =F54*G54 -> 3.366e-07 | I54: Send SNAP command | J54: 0
B55: RD DATA2 | C55: RDFCA | E55: SM12- | F55: =VLOOKUP(C55,'CMD Timing and Current'!$A$2:$I$96,9,FALSE) -> 0.00825 | G55: =VLOOKUP(C55,'CMD Timing and Current'!$A$2:$I$96,6,FALSE) -> 8.24e-05 | H55: =F55*G55 -> 6.798e-07 | I55: Verify Filtered Cell Voltage Register Group A to F are within the range | J55: 0
B56: RD DATA2 | C56: RDFCB | F56: =VLOOKUP(C56,'CMD Timing and Current'!$A$2:$I$96,9,FALSE) -> 0.00825 | G56: =VLOOKUP(C56,'CMD Timing and Current'!$A$2:$I$96,6,FALSE) -> 8.24e-05 | H56: =F56*G56 -> 6.798e-07 | I56: Verify Filtered Cell Voltage Register Group A to F are within the range | J56: 0
B57: RD DATA2 | C57: RDFCC | F57: =VLOOKUP(C57,'CMD Timing and Current'!$A$2:$I$96,9,FALSE) -> 0.00825 | G57: =VLOOKUP(C57,'CMD Timing and Current'!$A$2:$I$96,6,FALSE) -> 8.24e-05 | H57: =F57*G57 -> 6.798e-07 | I57: Verify Filtered Cell Voltage Register Group A to F are within the range | J57: 0
B58: RD DATA2 | C58: RDFCD | F58: =VLOOKUP(C58,'CMD Timing and Current'!$A$2:$I$96,9,FALSE) -> 0.00825 | G58: =VLOOKUP(C58,'CMD Timing and Current'!$A$2:$I$96,6,FALSE) -> 8.24e-05 | H58: =F58*G58 -> 6.798e-07 | I58: Verify Filtered Cell Voltage Register Group A to F are within the range | J58: 0
B59: RD DATA2 | C59: RDFCE | F59: =VLOOKUP(C59,'CMD Timing and Current'!$A$2:$I$96,9,FALSE) -> 0.00825 | G59: =VLOOKUP(C59,'CMD Timing and Current'!$A$2:$I$96,6,FALSE) -> 8.24e-05 | H59: =F59*G59 -> 6.798e-07 | I59: Verify Filtered Cell Voltage Register Group A to F are within the range | J59: 0
B60: RD DATA2 | C60: RDFCF | F60: =VLOOKUP(C60,'CMD Timing and Current'!$A$2:$I$96,9,FALSE) -> 0.00825 | G60: =VLOOKUP(C60,'CMD Timing and Current'!$A$2:$I$96,6,FALSE) -> 8.24e-05 | H60: =F60*G60 -> 6.798e-07 | I60: Verify Filtered Cell Voltage Register Group A to F are within the range | J60: 0
C61: UNSNAP | F61: =VLOOKUP(C61,'CMD Timing and Current'!$A$2:$I$96,9,FALSE) -> 0.00825 | G61: =VLOOKUP(C61,'CMD Timing and Current'!$A$2:$I$96,6,FALSE) -> 4.08e-05 | H61: =F61*G61 -> 3.366e-07 | I61: Send UNSNAP command | J61: 0
B62: =_xlfn.CONCAT(E47:E61) -> SM6-SM12- | E62: Total Time & Average Current | G62: =SUM(G47:G61) -> 0.01 | H62: =SUM(H47:H61)/G62 -> 0.00071214 | J62: =SUM(J47:J61) -> 0
G63: =G203+G208+G214+G224+G236 -> 0.0099176 | H63: =0.016*1.1-SUM(G67:G84) -> -0.0022368
B64: Cell Measurement with SM1 & SM9 | D64: Assume ADCV is already in continuous mode
B65: Special Notification | C65: Command | D65: CMDs | E65: Safety Mechanism | F65: Current(A) | G65: Timing(s) | H65: Coulomb(A*s) | J65: PWM Disabled time
B66: Start Redundancy Measurement | C66: ADSV | F66: =VLOOKUP(C66,'CMD Timing and Current'!$A$2:$I$96,9,FALSE) -> 0.01126 | G66: =VLOOKUP(C66,'CMD Timing and Current'!$A$2:$I$96,6,FALSE) -> 4.08e-05 | H66: =F66*G66 -> 4.59408e-07 | I66: Trigger S-ADCs continuous mode with ADSV command DCP = 0 CONT = 1 OW = 00 | J66: 0
B67: Wait time if DATA is NOT ready yet | C67: - | G67: =C1-SUM(G54:G61)-SUM(G151:G153)-G66 -> 0.0092608 | I67: Make sure at least 8ms from the last DATA read | J67: =G67 -> 0.0092608
C68: SNAP | F68: =VLOOKUP(C68,'CMD Timing and Current'!$A$2:$I$96,9,FALSE) -> 0.00825 | G68: =VLOOKUP(C68,'CMD Timing and Current'!$A$2:$I$96,6,FALSE) -> 4.08e-05 | H68: =F68*G68 -> 3.366e-07 | I68: Send SNAP command | J68: =G68 -> 4.08e-05
B69: RD DATA3 | C69: RDFCA | E69: SM12- | F69: =VLOOKUP(C69,'CMD Timing and Current'!$A$2:$I$96,9,FALSE) -> 0.00825 | G69: =VLOOKUP(C69,'CMD Timing and Current'!$A$2:$I$96,6,FALSE) -> 8.24e-05 | H69: =F69*G69 -> 6.798e-07 | I69: Verify Filtered Cell Voltage Register Group A to F are within the range | J69: =G69 -> 8.24e-05
B70: RD DATA3 | C70: RDFCB | F70: =VLOOKUP(C70,'CMD Timing and Current'!$A$2:$I$96,9,FALSE) -> 0.00825 | G70: =VLOOKUP(C70,'CMD Timing and Current'!$A$2:$I$96,6,FALSE) -> 8.24e-05 | H70: =F70*G70 -> 6.798e-07 | I70: Verify Filtered Cell Voltage Register Group A to F are within the range | J70: =G70 -> 8.24e-05
B71: RD DATA3 | C71: RDFCC | F71: =VLOOKUP(C71,'CMD Timing and Current'!$A$2:$I$96,9,FALSE) -> 0.00825 | G71: =VLOOKUP(C71,'CMD Timing and Current'!$A$2:$I$96,6,FALSE) -> 8.24e-05 | H71: =F71*G71 -> 6.798e-07 | I71: Verify Filtered Cell Voltage Register Group A to F are within the range | J71: =G71 -> 8.24e-05
B72: RD DATA3 | C72: RDFCD | F72: =VLOOKUP(C72,'CMD Timing and Current'!$A$2:$I$96,9,FALSE) -> 0.00825 | G72: =VLOOKUP(C72,'CMD Timing and Current'!$A$2:$I$96,6,FALSE) -> 8.24e-05 | H72: =F72*G72 -> 6.798e-07 | I72: Verify Filtered Cell Voltage Register Group A to F are within the range | J72: =G72 -> 8.24e-05
B73: RD DATA3 | C73: RDFCE | F73: =VLOOKUP(C73,'CMD Timing and Current'!$A$2:$I$96,9,FALSE) -> 0.00825 | G73: =VLOOKUP(C73,'CMD Timing and Current'!$A$2:$I$96,6,FALSE) -> 8.24e-05 | H73: =F73*G73 -> 6.798e-07 | I73: Verify Filtered Cell Voltage Register Group A to F are within the range | J73: =G73 -> 8.24e-05
B74: RD DATA3 | C74: RDFCF | F74: =VLOOKUP(C74,'CMD Timing and Current'!$A$2:$I$96,9,FALSE) -> 0.00825 | G74: =VLOOKUP(C74,'CMD Timing and Current'!$A$2:$I$96,6,FALSE) -> 8.24e-05 | H74: =F74*G74 -> 6.798e-07 | I74: Verify Filtered Cell Voltage Register Group A to F are within the range | J74: =G74 -> 8.24e-05
C75: UNSNAP | F75: =VLOOKUP(C75,'CMD Timing and Current'!$A$2:$I$96,9,FALSE) -> 0.00825 | G75: =VLOOKUP(C75,'CMD Timing and Current'!$A$2:$I$96,6,FALSE) -> 4.08e-05 | H75: =F75*G75 -> 3.366e-07 | I75: Send UNSNAP command | J75: =G75 -> 4.08e-05
B76: Wait time if DATA is NOT ready yet | C76: - | G76: =C1-SUM(G68:G75) -> 0.009424 | I76: Make sure at least 8ms from the last DATA read | J76: =G76 -> 0.009424
C77: SNAP | F77: =VLOOKUP(C77,'CMD Timing and Current'!$A$2:$I$96,9,FALSE) -> 0.00825 | G77: =VLOOKUP(C77,'CMD Timing and Current'!$A$2:$I$96,6,FALSE) -> 4.08e-05 | H77: =F77*G77 -> 3.366e-07 | I77: Send SNAP command | J77: =G77 -> 4.08e-05
B78: RD DATA4 | C78: RDFCA | F78: =VLOOKUP(C78,'CMD Timing and Current'!$A$2:$I$96,9,FALSE) -> 0.00825 | G78: =VLOOKUP(C78,'CMD Timing and Current'!$A$2:$I$96,6,FALSE) -> 8.24e-05 | H78: =F78*G78 -> 6.798e-07 | I78: Verify Filtered Cell Voltage Register Group A to F are within the range | J78: =G78 -> 8.24e-05
B79: RD DATA4 | C79: RDFCB | F79: =VLOOKUP(C79,'CMD Timing and Current'!$A$2:$I$96,9,FALSE) -> 0.00825 | G79: =VLOOKUP(C79,'CMD Timing and Current'!$A$2:$I$96,6,FALSE) -> 8.24e-05 | H79: =F79*G79 -> 6.798e-07 | I79: Verify Filtered Cell Voltage Register Group A to F are within the range | J79: =G79 -> 8.24e-05
B80: RD DATA4 | C80: RDFCC | F80: =VLOOKUP(C80,'CMD Timing and Current'!$A$2:$I$96,9,FALSE) -> 0.00825 | G80: =VLOOKUP(C80,'CMD Timing and Current'!$A$2:$I$96,6,FALSE) -> 8.24e-05 | H80: =F80*G80 -> 6.798e-07 | I80: Verify Filtered Cell Voltage Register Group A to F are within the range | J80: =G80 -> 8.24e-05
B81: RD DATA4 | C81: RDFCD | F81: =VLOOKUP(C81,'CMD Timing and Current'!$A$2:$I$96,9,FALSE) -> 0.00825 | G81: =VLOOKUP(C81,'CMD Timing and Current'!$A$2:$I$96,6,FALSE) -> 8.24e-05 | H81: =F81*G81 -> 6.798e-07 | I81: Verify Filtered Cell Voltage Register Group A to F are within the range | J81: =G81 -> 8.24e-05
B82: RD DATA4 | C82: RDFCE | F82: =VLOOKUP(C82,'CMD Timing and Current'!$A$2:$I$96,9,FALSE) -> 0.00825 | G82: =VLOOKUP(C82,'CMD Timing and Current'!$A$2:$I$96,6,FALSE) -> 8.24e-05 | H82: =F82*G82 -> 6.798e-07 | I82: Verify Filtered Cell Voltage Register Group A to F are within the range | J82: =G82 -> 8.24e-05
B83: RD DATA4 | C83: RDFCF | F83: =VLOOKUP(C83,'CMD Timing and Current'!$A$2:$I$96,9,FALSE) -> 0.00825 | G83: =VLOOKUP(C83,'CMD Timing and Current'!$A$2:$I$96,6,FALSE) -> 8.24e-05 | H83: =F83*G83 -> 6.798e-07 | I83: Verify Filtered Cell Voltage Register Group A to F are within the range | J83: =G83 -> 8.24e-05
C84: UNSNAP | F84: =VLOOKUP(C84,'CMD Timing and Current'!$A$2:$I$96,9,FALSE) -> 0.00825 | G84: =VLOOKUP(C84,'CMD Timing and Current'!$A$2:$I$96,6,FALSE) -> 4.08e-05 | H84: =F84*G84 -> 3.366e-07 | I84: Send UNSNAP command | J84: =G84 -> 4.08e-05
B85: Redundant Measurement 16ms Delay | C85: - | G85: =IF((0.016*1.1-SUM(G67:G84)) > 0,0.016*1.1-SUM(G67:G84),0) -> 0 | I85: Make sure at least 16ms from ADSV CONT = 1 | J85: =G85 -> 0
C86: SNAP | F86: =VLOOKUP(C86,'CMD Timing and Current'!$A$2:$I$96,9,FALSE) -> 0.00825 | G86: =VLOOKUP(C86,'CMD Timing and Current'!$A$2:$I$96,6,FALSE) -> 4.08e-05 | H86: =F86*G86 -> 3.366e-07 | I86: Send SNAP command | J86: =G86 -> 4.08e-05
B87: Start Even Channels Open Wire Detection | C87: ADSV | E87: SM9- | F87: =VLOOKUP(C87,'CMD Timing and Current'!$A$2:$I$96,9,FALSE) -> 0.01126 | G87: =VLOOKUP(C87,'CMD Timing and Current'!$A$2:$I$96,6,FALSE) -> 4.08e-05 | H87: =F87*G87 -> 4.59408e-07 | I87: Send ADSV command with DCP = 0 CONT = 0 OW = 01 for Even Channel Open Wire Detection | J87: =G87 -> 4.08e-05
B88: S pin data for Even Ch OW baseline | C88: RDSVA | F88: =VLOOKUP(C88,'CMD Timing and Current'!$A$2:$I$96,9,FALSE) -> 0.00825 | G88: =VLOOKUP(C88,'CMD Timing and Current'!$A$2:$I$96,6,FALSE) -> 8.24e-05 | H88: =F88*G88 -> 6.798e-07 | I88: Verify S Voltage Register Group A to F are within the range | J88: =G88 -> 8.24e-05
B89: S pin data for Even Ch OW baseline | C89: RDSVB | F89: =VLOOKUP(C89,'CMD Timing and Current'!$A$2:$I$96,9,FALSE) -> 0.00825 | G89: =VLOOKUP(C89,'CMD Timing and Current'!$A$2:$I$96,6,FALSE) -> 8.24e-05 | H89: =F89*G89 -> 6.798e-07 | I89: Verify S Voltage Register Group A to F are within the range | J89: =IF(SUM($G88:$G$88) > 0.0088,0,IF(SUM($G$88:G89)>0.0088,(0.0088-SUM($G88:G$88)),G89)) -> 8.24e-05
B90: S pin data for Even Ch OW baseline | C90: RDSVC | F90: =VLOOKUP(C90,'CMD Timing and Current'!$A$2:$I$96,9,FALSE) -> 0.00825 | G90: =VLOOKUP(C90,'CMD Timing and Current'!$A$2:$I$96,6,FALSE) -> 8.24e-05 | H90: =F90*G90 -> 6.798e-07 | I90: Verify S Voltage Register Group A to F are within the range | J90: =IF(SUM($G$88:$G89) > 0.0088,0,IF(SUM($G$88:G90)>0.0088,(0.0088-SUM($G$88:G89)),G90)) -> 8.24e-05
B91: S pin data for Even Ch OW baseline | C91: RDSVD | F91: =VLOOKUP(C91,'CMD Timing and Current'!$A$2:$I$96,9,FALSE) -> 0.00825 | G91: =VLOOKUP(C91,'CMD Timing and Current'!$A$2:$I$96,6,FALSE) -> 8.24e-05 | H91: =F91*G91 -> 6.798e-07 | I91: Verify S Voltage Register Group A to F are within the range | J91: =IF(SUM($G$88:$G90) > 0.0088,0,IF(SUM($G$88:G91)>0.0088,(0.0088-SUM($G$88:G90)),G91)) -> 8.24e-05
B92: S pin data for Even Ch OW baseline | C92: RDSVE | F92: =VLOOKUP(C92,'CMD Timing and Current'!$A$2:$I$96,9,FALSE) -> 0.00825 | G92: =VLOOKUP(C92,'CMD Timing and Current'!$A$2:$I$96,6,FALSE) -> 8.24e-05 | H92: =F92*G92 -> 6.798e-07 | I92: Verify S Voltage Register Group A to F are within the range | J92: =IF(SUM($G$88:$G91) > 0.0088,0,IF(SUM($G$88:G92)>0.0088,(0.0088-SUM($G$88:G91)),G92)) -> 8.24e-05
B93: S pin data for Even Ch OW baseline | C93: RDSVF | F93: =VLOOKUP(C93,'CMD Timing and Current'!$A$2:$I$96,9,FALSE) -> 0.00825 | G93: =VLOOKUP(C93,'CMD Timing and Current'!$A$2:$I$96,6,FALSE) -> 8.24e-05 | H93: =F93*G93 -> 6.798e-07 | I93: Verify S Voltage Register Group A to F are within the range | J93: =IF(SUM($G$88:$G92) > 0.0088,0,IF(SUM($G$88:G93)>0.0088,(0.0088-SUM($G$88:G92)),G93)) -> 8.24e-05
B94: Recommanded CLRSPIN after RDSVA-F | C94: CLRSPIN | F94: =VLOOKUP(C94,'CMD Timing and Current'!$A$2:$I$96,9,FALSE) -> 0.00825 | G94: =VLOOKUP(C94,'CMD Timing and Current'!$A$2:$I$96,6,FALSE) -> 4.08e-05 | H94: =F94*G94 -> 3.366e-07 | I94: Clear S Register Groups A to F | J94: =IF(SUM($G$88:$G93) > 0.0088,0,IF(SUM($G$88:G94)>0.0088,(0.0088-SUM($G$88:G93)),G94)) -> 4.08e-05
C95: UNSNAP | F95: =VLOOKUP(C95,'CMD Timing and Current'!$A$2:$I$96,9,FALSE) -> 0.00825 | G95: =VLOOKUP(C95,'CMD Timing and Current'!$A$2:$I$96,6,FALSE) -> 4.08e-05 | H95: =F95*G95 -> 3.366e-07 | I95: Send UNSNAP command | J95: =IF(SUM($G$88:$G94) > 0.0088,0,IF(SUM($G$88:G95)>0.0088,(0.0088-SUM($G$88:G94)),G95)) -> 4.08e-05
B96: Wait time if DATA is NOT ready yet | C96: - | G96: =C1-SUM(G77:G95) -> 0.0087664 | I96: Make sure at least 8ms from the last DATA read | J96: =IF(SUM($G$88:$G95) > 0.0088,0,IF(SUM($G$88:G96)>0.0088,(0.0088-SUM($G$88:G95)),G96)) -> 0.008224
C97: SNAP | F97: =VLOOKUP(C97,'CMD Timing and Current'!$A$2:$I$96,9,FALSE) -> 0.00825 | G97: =VLOOKUP(C97,'CMD Timing and Current'!$A$2:$I$96,6,FALSE) -> 4.08e-05 | H97: =F97*G97 -> 3.366e-07 | I97: Send SNAP command | J97: =IF(SUM($G$88:$G96) > 0.0088,0,IF(SUM($G$88:G97)>0.0088,(0.0088-SUM($G$88:G96)),G97)) -> 0
B98: RD DATA5 | C98: RDFCA | F98: =VLOOKUP(C98,'CMD Timing and Current'!$A$2:$I$96,9,FALSE) -> 0.00825 | G98: =VLOOKUP(C98,'CMD Timing and Current'!$A$2:$I$96,6,FALSE) -> 8.24e-05 | H98: =F98*G98 -> 6.798e-07 | I98: Verify Filtered Cell Voltage Register Group A to F are within the range | J98: =IF(SUM($G$88:$G97) > 0.0088,0,IF(SUM($G$88:G98)>0.0088,(0.0088-SUM($G$88:G97)),G98)) -> 0
B99: RD DATA5 | C99: RDFCB | F99: =VLOOKUP(C99,'CMD Timing and Current'!$A$2:$I$96,9,FALSE) -> 0.00825 | G99: =VLOOKUP(C99,'CMD Timing and Current'!$A$2:$I$96,6,FALSE) -> 8.24e-05 | H99: =F99*G99 -> 6.798e-07 | I99: Verify Filtered Cell Voltage Register Group A to F are within the range | J99: =IF(SUM($G$88:$G98) > 0.0088,0,IF(SUM($G$88:G99)>0.0088,(0.0088-SUM($G$88:G98)),G99)) -> 0
B100: RD DATA5 | C100: RDFCC | F100: =VLOOKUP(C100,'CMD Timing and Current'!$A$2:$I$96,9,FALSE) -> 0.00825 | G100: =VLOOKUP(C100,'CMD Timing and Current'!$A$2:$I$96,6,FALSE) -> 8.24e-05 | H100: =F100*G100 -> 6.798e-07 | I100: Verify Filtered Cell Voltage Register Group A to F are within the range | J100: =IF(SUM($G$88:$G99) > 0.0088,0,IF(SUM($G$88:G100)>0.0088,(0.0088-SUM($G$88:G99)),G100)) -> 0
B101: RD DATA5 | C101: RDFCD | F101: =VLOOKUP(C101,'CMD Timing and Current'!$A$2:$I$96,9,FALSE) -> 0.00825 | G101: =VLOOKUP(C101,'CMD Timing and Current'!$A$2:$I$96,6,FALSE) -> 8.24e-05 | H101: =F101*G101 -> 6.798e-07 | I101: Verify Filtered Cell Voltage Register Group A to F are within the range | J101: =IF(SUM($G$88:$G100) > 0.0088,0,IF(SUM($G$88:G101)>0.0088,(0.0088-SUM($G$88:G100)),G101)) -> 0
B102: RD DATA5 | C102: RDFCE | F102: =VLOOKUP(C102,'CMD Timing and Current'!$A$2:$I$96,9,FALSE) -> 0.00825 | G102: =VLOOKUP(C102,'CMD Timing and Current'!$A$2:$I$96,6,FALSE) -> 8.24e-05 | H102: =F102*G102 -> 6.798e-07 | I102: Verify Filtered Cell Voltage Register Group A to F are within the range | J102: =IF(SUM($G$88:$G101) > 0.0088,0,IF(SUM($G$88:G102)>0.0088,(0.0088-SUM($G$88:G101)),G102)) -> 0
B103: RD DATA5 | C103: RDFCF | F103: =VLOOKUP(C103,'CMD Timing and Current'!$A$2:$I$96,9,FALSE) -> 0.00825 | G103: =VLOOKUP(C103,'CMD Timing and Current'!$A$2:$I$96,6,FALSE) -> 8.24e-05 | H103: =F103*G103 -> 6.798e-07 | I103: Verify Filtered Cell Voltage Register Group A to F are within the range | J103: =IF(SUM($G$88:$G102) > 0.0088,0,IF(SUM($G$88:G103)>0.0088,(0.0088-SUM($G$88:G102)),G103)) -> 0
C104: UNSNAP | F104: =VLOOKUP(C104,'CMD Timing and Current'!$A$2:$I$96,9,FALSE) -> 0.00825 | G104: =VLOOKUP(C104,'CMD Timing and Current'!$A$2:$I$96,6,FALSE) -> 4.08e-05 | H104: =F104*G104 -> 3.366e-07 | I104: Send UNSNAP command | J104: =IF(SUM($G$88:$G103) > 0.0088,0,IF(SUM($G$88:G104)>0.0088,(0.0088-SUM($G$88:G103)),G104)) -> 0
...

Sheet LatentFaults
E1: =B7 -> SM_ SPI_PEC_DIAG | F1: =B8 -> SM_POWER_MON_DIAG | G1: =B9 -> SM_CLOCK_MON_DIAG | H1: =B10 -> SM_SPI_RED_DIAG | I1: =B11 -> SM_TMOD_IND_DIAG | J1: =B12 -> SM_THSD_IND_DIAG | K1: =B13 -> SM_VCELL_CMP_DIAG | L1: =B14 -> SM_CELL_OWD_DIAG | M1: =B15 -> SM_AUXREGS_DIAG | N1: =B16 -> SM_NVM_ECC_DIAG
E2: SM22- | F2: SM23- | G2: SM24- | H2: SM25- | I2: SM26- | J2: SM27- | K2: SM28- | L2: SM29- | M2: SM30- | N2: SM31-
B7: ='Safety Mechanism Timing'!B11 -> SM_ SPI_PEC_DIAG | C7: ='Safety Mechanism Timing'!D11 -> SM22- | D7: ='Safety Mechanism Timing'!F11 -> 0.0020528
B8: ='Safety Mechanism Timing'!B12 -> SM_POWER_MON_DIAG | C8: ='Safety Mechanism Timing'!D12 -> SM23- | D8: ='Safety Mechanism Timing'!F12 -> 0.0047408
B9: ='Safety Mechanism Timing'!B13 -> SM_CLOCK_MON_DIAG | C9: ='Safety Mechanism Timing'!D13 -> SM24- | D9: ='Safety Mechanism Timing'!F13 -> 0.0048232
B10: ='Safety Mechanism Timing'!B14 -> SM_SPI_RED_DIAG | C10: ='Safety Mechanism Timing'!D14 -> SM25- | D10: ='Safety Mechanism Timing'!F14 -> 0.0003296
B11: ='Safety Mechanism Timing'!B15 -> SM_TMOD_IND_DIAG | C11: ='Safety Mechanism Timing'!D15 -> SM26- | D11: ='Safety Mechanism Timing'!F15 -> 0.0004944
B12: ='Safety Mechanism Timing'!B16 -> SM_THSD_IND_DIAG | C12: ='Safety Mechanism Timing'!D16 -> SM27- | D12: ='Safety Mechanism Timing'!F16 -> 0.0004944
B13: ='Safety Mechanism Timing'!B17 -> SM_VCELL_CMP_DIAG | C13: ='Safety Mechanism Timing'!D17 -> SM28- | D13: ='Safety Mechanism Timing'!F17 -> 0.0042464
B14: ='Safety Mechanism Timing'!B18 -> SM_CELL_OWD_DIAG | C14: ='Safety Mechanism Timing'!D18 -> SM29- | D14: ='Safety Mechanism Timing'!F18 -> 0
B15: ='Safety Mechanism Timing'!B19 -> SM_AUXREGS_DIAG | C15: ='Safety Mechanism Timing'!D19 -> SM30- | D15: ='Safety Mechanism Timing'!F19 -> 0.020452
B16: ='Safety Mechanism Timing'!B20 -> SM_NVM_ECC_DIAG | C16: ='Safety Mechanism Timing'!D20 -> SM31- | D16: ='Safety Mechanism Timing'!F20 -> 0.0004944
C17: execution time | D17: =SUM(D7:D16) -> 0.038128

Sheet CMD Timing and Current
A1: CMD | B1: CMD(bytes) | C1: data (bytes) | D1: data time(s) | E1: execution time(s) | F1: Total Time(s) | G1: Core State | H1: isoState | I1: Current | K1: Total Bytes | L1: Description | P1: OverheadPercentage Adjust (Data transmitted) | Q1: =1+(Configuration!C6) -> 1.3
A2: WRCFGA | B2: 4 | C2: =8*Configuration!$C$2 -> 8 | D2: =((B2*8*Configuration!$C$4)+(C2*8*Configuration!$C$4))*$Q$1 -> 6.24e-05 | E2: 0 | F2: =(D2+E2+$Q$3) -> 8.24e-05 | G2: Refon | H2: Isoact | I2: =VLOOKUP(G2,$M$19:$N$23,2,FALSE) + VLOOKUP(H2,$M$19:$N$24,2,FALSE) -> 0.00825 | K2: =SUM(B2:C2) -> 12 | L2: Write Configuration Register Group A
A3: WRCFGB | B3: 4 | C3: =8*Configuration!$C$2 -> 8 | D3: =((B3*8*Configuration!$C$4)+(C3*8*Configuration!$C$4))*$Q$1 -> 6.24e-05 | E3: 0 | F3: =(D3+E3+$Q$3) -> 8.24e-05 | G3: Refon | H3: Isoact | I3: =VLOOKUP(G3,$M$19:$N$23,2,FALSE) + VLOOKUP(H3,$M$19:$N$24,2,FALSE) -> 0.00825 | K3: =SUM(B3:C3) -> 12 | L3: Write Configuration Register Group B | P3: SPI Transaction Overhead time constant | Q3: =Configuration!C7 -> 2e-05
A4: RDCFGA | B4: 4 | C4: =8*Configuration!$C$2 -> 8 | D4: =((B4*8*Configuration!$C$4)+(C4*8*Configuration!$C$4))*$Q$1 -> 6.24e-05 | E4: 0 | F4: =(D4+E4+$Q$3) -> 8.24e-05 | G4: Refon | H4: Isoact | I4: =VLOOKUP(G4,$M$19:$N$23,2,FALSE) + VLOOKUP(H4,$M$19:$N$24,2,FALSE) -> 0.00825 | K4: =SUM(B4:C4) -> 12 | L4: Read Configuration Register Group A
A5: RDCFGB | B5: 4 | C5: =8*Configuration!$C$2 -> 8 | D5: =((B5*8*Configuration!$C$4)+(C5*8*Configuration!$C$4))*$Q$1 -> 6.24e-05 | E5: 0 | F5: =(D5+E5+$Q$3) -> 8.24e-05 | G5: Refon | H5: Isoact | I5: =VLOOKUP(G5,$M$19:$N$23,2,FALSE) + VLOOKUP(H5,$M$19:$N$24,2,FALSE) -> 0.00825 | K5: =SUM(B5:C5) -> 12 | L5: Read Configuration Register Group B
A6: RDCVA | B6: 4 | C6: =8*Configuration!$C$2 -> 8 | D6: =((B6*8*Configuration!$C$4)+(C6*8*Configuration!$C$4))*$Q$1 -> 6.24e-05 | E6: 0 | F6: =(D6+E6+$Q$3) -> 8.24e-05 | G6: Refon | H6: Isoact | I6: =VLOOKUP(G6,$M$19:$N$23,2,FALSE) + VLOOKUP(H6,$M$19:$N$24,2,FALSE) -> 0.00825 | K6: =SUM(B6:C6) -> 12 | L6: Read Cell Voltage Register Group A
A7: RDCVB | B7: 4 | C7: =8*Configuration!$C$2 -> 8 | D7: =((B7*8*Configuration!$C$4)+(C7*8*Configuration!$C$4))*$Q$1 -> 6.24e-05 | E7: 0 | F7: =(D7+E7+$Q$3) -> 8.24e-05 | G7: Refon | H7: Isoact | I7: =VLOOKUP(G7,$M$19:$N$23,2,FALSE) + VLOOKUP(H7,$M$19:$N$24,2,FALSE) -> 0.00825 | K7: =SUM(B7:C7) -> 12 | L7: Read Cell Voltage Register Group B
A8: RDCVC | B8: 4 | C8: =8*Configuration!$C$2 -> 8 | D8: =((B8*8*Configuration!$C$4)+(C8*8*Configuration!$C$4))*$Q$1 -> 6.24e-05 | E8: 0 | F8: =(D8+E8+$Q$3) -> 8.24e-05 | G8: Refon | H8: Isoact | I8: =VLOOKUP(G8,$M$19:$N$23,2,FALSE) + VLOOKUP(H8,$M$19:$N$24,2,FALSE) -> 0.00825 | K8: =SUM(B8:C8) -> 12 | L8: Read Cell Voltage Register Group C
A9: RDCVD | B9: 4 | C9: =8*Configuration!$C$2 -> 8 | D9: =((B9*8*Configuration!$C$4)+(C9*8*Configuration!$C$4))*$Q$1 -> 6.24e-05 | E9: 0 | F9: =(D9+E9+$Q$3) -> 8.24e-05 | G9: Refon | H9: Isoact | I9: =VLOOKUP(G9,$M$19:$N$23,2,FALSE) + VLOOKUP(H9,$M$19:$N$24,2,FALSE) -> 0.00825 | K9: =SUM(B9:C9) -> 12 | L9: Read Cell Voltage Register Group D
A10: RDCVE | B10: 4 | C10: =8*Configuration!$C$2 -> 8 | D10: =((B10*8*Configuration!$C$4)+(C10*8*Configuration!$C$4))*$Q$1 -> 6.24e-05 | E10: 0 | F10: =(D10+E10+$Q$3) -> 8.24e-05 | G10: Refon | H10: Isoact | I10: =VLOOKUP(G10,$M$19:$N$23,2,FALSE) + VLOOKUP(H10,$M$19:$N$24,2,FALSE) -> 0.00825 | K10: =SUM(B10:C10) -> 12 | L10: Read Cell Voltage Register Group E
A11: RDCVF | B11: 4 | C11: =8*Configuration!$C$2 -> 8 | D11: =((B11*8*Configuration!$C$4)+(C11*8*Configuration!$C$4))*$Q$1 -> 6.24e-05 | E11: 0 | F11: =(D11+E11+$Q$3) -> 8.24e-05 | G11: Refon | H11: Isoact | I11: =VLOOKUP(G11,$M$19:$N$23,2,FALSE) + VLOOKUP(H11,$M$19:$N$24,2,FALSE) -> 0.00825 | K11: =SUM(B11:C11) -> 12 | L11: Read Cell Voltage Register Group F
A12: RDCVALL | B12: 4 | C12: =36*Configuration!$C$2+2 -> 38 | D12: =((B12*8*Configuration!$C$4)+(C12*8*Configuration!$C$4))*$Q$1 -> 0.0002184 | E12: 0 | F12: =(D12+E12+$Q$3) -> 0.0002384 | G12: Refon | H12: Isoact | I12: =VLOOKUP(G12,$M$19:$N$23,2,FALSE) + VLOOKUP(H12,$M$19:$N$24,2,FALSE) -> 0.00825 | K12: =SUM(B12:C12) -> 42 | L12: Read All Cell Results
A13: RDACA | B13: 4 | C13: =8*Configuration!$C$2 -> 8 | D13: =((B13*8*Configuration!$C$4)+(C13*8*Configuration!$C$4))*$Q$1 -> 6.24e-05 | E13: 0 | F13: =(D13+E13+$Q$3) -> 8.24e-05 | G13: Refon | H13: Isoact | I13: =VLOOKUP(G13,$M$19:$N$23,2,FALSE) + VLOOKUP(H13,$M$19:$N$24,2,FALSE) -> 0.00825 | K13: =SUM(B13:C13) -> 12 | L13: Read Averaged Cell Voltage Register Group A
A14: RDACB | B14: 4 | C14: =8*Configuration!$C$2 -> 8 | D14: =((B14*8*Configuration!$C$4)+(C14*8*Configuration!$C$4))*$Q$1 -> 6.24e-05 | E14: 0 | F14: =(D14+E14+$Q$3) -> 8.24e-05 | G14: Refon | H14: Isoact | I14: =VLOOKUP(G14,$M$19:$N$23,2,FALSE) + VLOOKUP(H14,$M$19:$N$24,2,FALSE) -> 0.00825 | K14: =SUM(B14:C14) -> 12 | L14: Read Averaged Cell Voltage Register Group B
A15: RDACC | B15: 4 | C15: =8*Configuration!$C$2 -> 8 | D15: =((B15*8*Configuration!$C$4)+(C15*8*Configuration!$C$4))*$Q$1 -> 6.24e-05 | E15: 0 | F15: =(D15+E15+$Q$3) -> 8.24e-05 | G15: Refon | H15: Isoact | I15: =VLOOKUP(G15,$M$19:$N$23,2,FALSE) + VLOOKUP(H15,$M$19:$N$24,2,FALSE) -> 0.00825 | K15: =SUM(B15:C15) -> 12 | L15: Read Averaged Cell Voltage Register Group C
A16: RDACD | B16: 4 | C16: =8*Configuration!$C$2 -> 8 | D16: =((B16*8*Configuration!$C$4)+(C16*8*Configuration!$C$4))*$Q$1 -> 6.24e-05 | E16: 0 | F16: =(D16+E16+$Q$3) -> 8.24e-05 | G16: Refon | H16: Isoact | I16: =VLOOKUP(G16,$M$19:$N$23,2,FALSE) + VLOOKUP(H16,$M$19:$N$24,2,FALSE) -> 0.00825 | K16: =SUM(B16:C16) -> 12 | L16: Read Averaged Cell Voltage Register Group D
A17: RDACE | B17: 4 | C17: =8*Configuration!$C$2 -> 8 | D17: =((B17*8*Configuration!$C$4)+(C17*8*Configuration!$C$4))*$Q$1 -> 6.24e-05 | E17: 0 | F17: =(D17+E17+$Q$3) -> 8.24e-05 | G17: Refon | H17: Isoact | I17: =VLOOKUP(G17,$M$19:$N$23,2,FALSE) + VLOOKUP(H17,$M$19:$N$24,2,FALSE) -> 0.00825 | K17: =SUM(B17:C17) -> 12 | L17: Read Averaged Cell Voltage Register Group E
A18: RDACF | B18: 4 | C18: =8*Configuration!$C$2 -> 8 | D18: =((B18*8*Configuration!$C$4)+(C18*8*Configuration!$C$4))*$Q$1 -> 6.24e-05 | E18: 0 | F18: =(D18+E18+$Q$3) -> 8.24e-05 | G18: Refon | H18: Isoact | I18: =VLOOKUP(G18,$M$19:$N$23,2,FALSE) + VLOOKUP(H18,$M$19:$N$24,2,FALSE) -> 0.00825 | K18: =SUM(B18:C18) -> 12 | L18: Read Averaged Cell Voltage Register Group F | M18: State Currents | P18: 7khz | Q18: ADC Mode
A19: RDACALL | B19: 4 | C19: =36*Configuration!$C$2+2 -> 38 | D19: =((B19*8*Configuration!$C$4)+(C19*8*Configuration!$C$4))*$Q$1 -> 0.0002184 | E19: 0 | F19: =(D19+E19+$Q$3) -> 0.0002384 | G19: Refon | H19: Isoact | I19: =VLOOKUP(G19,$M$19:$N$23,2,FALSE) + VLOOKUP(H19,$M$19:$N$24,2,FALSE) -> 0.00825 | K19: =SUM(B19:C19) -> 42 | L19: Read All Avg Cell Results | M19: Sleep | N19: 5.85e-06 | P19: 0 | Q19: mcal value
A20: RDSVA | B20: 4 | C20: =8*Configuration!$C$2 -> 8 | D20: =((B20*8*Configuration!$C$4)+(C20*8*Configuration!$C$4))*$Q$1 -> 6.24e-05 | E20: 0 | F20: =(D20+E20+$Q$3) -> 8.24e-05 | G20: Refon | H20: Isoact | I20: =VLOOKUP(G20,$M$19:$N$23,2,FALSE) + VLOOKUP(H20,$M$19:$N$24,2,FALSE) -> 0.00825 | K20: =SUM(B20:C20) -> 12 | L20: Read S Voltage Register Group A | M20: Standby | N20: 6e-05 | P20: 0 | Q20: OWRNG value
A21: RDSVB | B21: 4 | C21: =8*Configuration!$C$2 -> 8 | D21: =((B21*8*Configuration!$C$4)+(C21*8*Configuration!$C$4))*$Q$1 -> 6.24e-05 | E21: 0 | F21: =(D21+E21+$Q$3) -> 8.24e-05 | G21: Refon | H21: Isoact | I21: =VLOOKUP(G21,$M$19:$N$23,2,FALSE) + VLOOKUP(H21,$M$19:$N$24,2,FALSE) -> 0.00825 | K21: =SUM(B21:C21) -> 12 | L21: Read S Voltage Register Group B | M21: Refon | N21: 0.00125 | P21: 4 | Q21: OWC value
A22: RDSVC | B22: 4 | C22: =8*Configuration!$C$2 -> 8 | D22: =((B22*8*Configuration!$C$4)+(C22*8*Configuration!$C$4))*$Q$1 -> 6.24e-05 | E22: 0 | F22: =(D22+E22+$Q$3) -> 8.24e-05 | G22: Refon | H22: Isoact | I22: =VLOOKUP(G22,$M$19:$N$23,2,FALSE) + VLOOKUP(H22,$M$19:$N$24,2,FALSE) -> 0.00825 | K22: =SUM(B22:C22) -> 12 | L22: Read S Voltage Register Group C | M22: Meas | N22: 0.0112 | P22: 3 | Q22: OWA value
A23: RDSVD | B23: 4 | C23: =8*Configuration!$C$2 -> 8 | D23: =((B23*8*Configuration!$C$4)+(C23*8*Configuration!$C$4))*$Q$1 -> 6.24e-05 | E23: 0 | F23: =(D23+E23+$Q$3) -> 8.24e-05 | G23: Refon | H23: Isoact | I23: =VLOOKUP(G23,$M$19:$N$23,2,FALSE) + VLOOKUP(H23,$M$19:$N$24,2,FALSE) -> 0.00825 | K23: =SUM(B23:C23) -> 12 | L23: Read S Voltage Register Group D | M23: Isordy | N23: 0.004 | P23: 0 | Q23: SOAKON
A24: RDSVE | B24: 4 | C24: =8*Configuration!$C$2 -> 8 | D24: =((B24*8*Configuration!$C$4)+(C24*8*Configuration!$C$4))*$Q$1 -> 6.24e-05 | E24: 0 | F24: =(D24+E24+$Q$3) -> 8.24e-05 | G24: Refon | H24: Isoact | I24: =VLOOKUP(G24,$M$19:$N$23,2,FALSE) + VLOOKUP(H24,$M$19:$N$24,2,FALSE) -> 0.00825 | K24: =SUM(B24:C24) -> 12 | L24: Read S Voltage Register Group E | M24: Isoact | N24: 0.007 | V24: Conversion times for ADOW command measuring | AD24: (ADOW, CVOW and AXOW ALWAYS USES tSOAK)
A25: RDSVF | B25: 4 | C25: =8*Configuration!$C$2 -> 8 | D25: =((B25*8*Configuration!$C$4)+(C25*8*Configuration!$C$4))*$Q$1 -> 6.24e-05 | E25: 0 | F25: =(D25+E25+$Q$3) -> 8.24e-05 | G25: Refon | H25: Isoact | I25: =VLOOKUP(G25,$M$19:$N$23,2,FALSE) + VLOOKUP(H25,$M$19:$N$24,2,FALSE) -> 0.00825 | K25: =SUM(B25:C25) -> 12 | L25: Read S Voltage Register Group F | W25: CONVERSION TIMES (in ms) | AE25: The CVOW command operates on all cells. There is no option to operate on only 2 cells.
A26: RDSALL | B26: 4 | C26: =36*Configuration!$C$2+2 -> 38 | D26: =((B26*8*Configuration!$C$4)+(C26*8*Configuration!$C$4))*$Q$1 -> 0.0002184 | E26: 0 | F26: =(D26+E26+$Q$3) -> 0.0002384 | G26: Refon | H26: Isoact | I26: =VLOOKUP(G26,$M$19:$N$23,2,FALSE) + VLOOKUP(H26,$M$19:$N$24,2,FALSE) -> 0.00825 | K26: =SUM(B26:C26) -> 42 | L26: Read All S Results | V26: MODE | W26: t1M | X26: t2M | Y26: t5M | Z26: t6M | AA26: tC,MCAL=0 | AB26: tC,MCAL=1
A27: RDCSALL | B27: 4 | C27: =72*Configuration!$C$2+2 -> 74 | D27: =((B27*8*Configuration!$C$4)+(C27*8*Configuration!$C$4))*$Q$1 -> 0.0004056 | E27: 0 | F27: =(D27+E27+$Q$3) -> 0.0004256 | G27: Refon | H27: Isoact | I27: =VLOOKUP(G27,$M$19:$N$23,2,FALSE) + VLOOKUP(H27,$M$19:$N$24,2,FALSE) -> 0.00825 | K27: =SUM(B27:C27) -> 78 | L27: Read all C & S Results | V27: 27kHz | W27: 63 | X27: 111 | Y27: 256 | Z27: 304 | AA27: 576 | AB27: 1158 | AC27: =AA27-Z27 -> 272 | AD27: =48*6+14 -> 302 | AE27: =AC27+AD27 -> 574
A28: RDACSALL | B28: 4 | C28: =72*Configuration!$C$2+2 -> 74 | D28: =((B28*8*Configuration!$C$4)+(C28*8*Configuration!$C$4))*$Q$1 -> 0.0004056 | E28: 0 | F28: =(D28+E28+$Q$3) -> 0.0004256 | G28: Refon | H28: Isoact | I28: =VLOOKUP(G28,$M$19:$N$23,2,FALSE) + VLOOKUP(H28,$M$19:$N$24,2,FALSE) -> 0.00825 | K28: =SUM(B28:C28) -> 78 | L28: Read all Avg C & S Results | V28: 14kHz | W28: 92 | X28: 170 | Y28: 401 | Z28: 479 | AA28: 750 | AB28: 1332 | AC28: =AA28-Z28 -> 271
A29: RDFCA | B29: 4 | C29: =8*Configuration!$C$2 -> 8 | D29: =((B29*8*Configuration!$C$4)+(C29*8*Configuration!$C$4))*$Q$1 -> 6.24e-05 | E29: 0 | F29: =(D29+E29+$Q$3) -> 8.24e-05 | G29: Refon | H29: Isoact | I29: =VLOOKUP(G29,$M$19:$N$23,2,FALSE) + VLOOKUP(H29,$M$19:$N$24,2,FALSE) -> 0.00825 | K29: =SUM(B29:C29) -> 12 | L29: Read Filt. Cell Voltage Register Group A | V29: 7kHz | W29: 150 | X29: 286 | Y29: 692 | Z29: 828 | AA29: 1216 | AB29: 2380 | AC29: =AA29-Z29 -> 388
A30: RDFCB | B30: 4 | C30: =8*Configuration!$C$2 -> 8 | D30: =((B30*8*Configuration!$C$4)+(C30*8*Configuration!$C$4))*$Q$1 -> 6.24e-05 | E30: 0 | F30: =(D30+E30+$Q$3) -> 8.24e-05 | G30: Refon | H30: Isoact | I30: =VLOOKUP(G30,$M$19:$N$23,2,FALSE) + VLOOKUP(H30,$M$19:$N$24,2,FALSE) -> 0.00825 | K30: =SUM(B30:C30) -> 12 | L30: Read Filt. Cell Voltage Register Group B | V30: 3kHz | W30: 267 | X30: 519 | Y30: 1274 | Z30: 1526 | AA30: 1914 | AB30: 3078 | AC30: =AA30-Z30 -> 388
A31: RDFCC | B31: 4 | C31: =8*Configuration!$C$2 -> 8 | D31: =((B31*8*Configuration!$C$4)+(C31*8*Configuration!$C$4))*$Q$1 -> 6.24e-05 | E31: 0 | F31: =(D31+E31+$Q$3) -> 8.24e-05 | G31: Refon | H31: Isoact | I31: =VLOOKUP(G31,$M$19:$N$23,2,FALSE) + VLOOKUP(H31,$M$19:$N$24,2,FALSE) -> 0.00825 | K31: =SUM(B31:C31) -> 12 | L31: Read Filt. Cell Voltage Register Group C | Q31: =(2^((5+(6*P20)+(P21)))/(3.3*10^6)) -> 0.00015515152 | R31: (CV cmds Soak Time) | V31: 2kHz | W31: 500 | X31: 984 | Y31: 2438 | Z31: 2922 | AA31: 3310 | AB31: 4474 | AC31: =AA31-Z31 -> 388
A32: RDFCD | B32: 4 | C32: =8*Configuration!$C$2 -> 8 | D32: =((B32*8*Configuration!$C$4)+(C32*8*Configuration!$C$4))*$Q$1 -> 6.24e-05 | E32: 0 | F32: =(D32+E32+$Q$3) -> 8.24e-05 | G32: Refon | H32: Isoact | I32: =VLOOKUP(G32,$M$19:$N$23,2,FALSE) + VLOOKUP(H32,$M$19:$N$24,2,FALSE) -> 0.00825 | K32: =SUM(B32:C32) -> 12 | L32: Read Filt. Cell Voltage Register Group D | O32: ADOW Conv time | Q32: =VLOOKUP(P18,$V$27:$AB$34,6,FALSE)*10^-6 -> 0.001216 | R32: =VLOOKUP(P18,$V$27:$AB$34,7,FALSE)*10^-6 -> 0.00238 | V32: 1kHz | W32: 965 | X32: 1915 | Y32: 4765 | Z32: 5715 | AA32: 6103 | AB32: 7267 | AC32: =AA32-Z32 -> 388
A33: RDFCE | B33: 4 | C33: =8*Configuration!$C$2 -> 8 | D33: =((B33*8*Configuration!$C$4)+(C33*8*Configuration!$C$4))*$Q$1 -> 6.24e-05 | E33: 0 | F33: =(D33+E33+$Q$3) -> 8.24e-05 | G33: Refon | H33: Isoact | I33: =VLOOKUP(G33,$M$19:$N$23,2,FALSE) + VLOOKUP(H33,$M$19:$N$24,2,FALSE) -> 0.00825 | K33: =SUM(B33:C33) -> 12 | L33: Read Filt. Cell Voltage Register Group E | N33: 12 Cells | O33: Conversion Time ADOW | P33: =INDEX(Q32:R32,1,P19+1)+6*Q31 -> 0.0021469091 | V33: 422Hz | W33: 1896 | X33: 3777 | Y33: 9420 | Z33: 11301 | AA33: 11689 | AB33: 12853 | AC33: =AA33-Z33 -> 388
A34: RDFCF | B34: 4 | C34: =8*Configuration!$C$2 -> 8 | D34: =((B34*8*Configuration!$C$4)+(C34*8*Configuration!$C$4))*$Q$1 -> 6.24e-05 | E34: 0 | F34: =(D34+E34+$Q$3) -> 8.24e-05 | G34: Refon | H34: Isoact | I34: =VLOOKUP(G34,$M$19:$N$23,2,FALSE) + VLOOKUP(H34,$M$19:$N$24,2,FALSE) -> 0.00825 | K34: =SUM(B34:C34) -> 12 | L34: Read Filt. Cell Voltage Register Group F | V34: 26Hz | W34: 29823 | X34: 59632 | Y34: 149056 | Z34: 178864 | AA34: 182743 | AB34: 201362 | AC34: =AA34-Z34 -> 3879
A35: RDFCALL | B35: 4 | C35: =36*Configuration!$C$2+2 -> 38 | D35: =((B35*8*Configuration!$C$4)+(C35*8*Configuration!$C$4))*$Q$1 -> 0.0002184 | E35: 0 | F35: =(D35+E35+$Q$3) -> 0.0002384 | G35: Refon | H35: Isoact | I35: =VLOOKUP(G35,$M$19:$N$23,2,FALSE) + VLOOKUP(H35,$M$19:$N$24,2,FALSE) -> 0.00825 | K35: =SUM(B35:C35) -> 42 | L35: Read All Filt. Cell Results
A36: RDAUXA | B36: 4 | C36: =8*Configuration!$C$2 -> 8 | D36: =((B36*8*Configuration!$C$4)+(C36*8*Configuration!$C$4))*$Q$1 -> 6.24e-05 | E36: 0 | F36: =(D36+E36+$Q$3) -> 8.24e-05 | G36: Refon | H36: Isoact | I36: =VLOOKUP(G36,$M$19:$N$23,2,FALSE) + VLOOKUP(H36,$M$19:$N$24,2,FALSE) -> 0.00825 | K36: =SUM(B36:C36) -> 12 | L36: Read Auxiliary Register Group A | AG36: ADCV command measuring 2 cells
A37: RDAUXB | B37: 4 | C37: =8*Configuration!$C$2 -> 8 | D37: =((B37*8*Configuration!$C$4)+(C37*8*Configuration!$C$4))*$Q$1 -> 6.24e-05 | E37: 0 | F37: =(D37+E37+$Q$3) -> 8.24e-05 | G37: Refon | H37: Isoact | I37: =VLOOKUP(G37,$M$19:$N$23,2,FALSE) + VLOOKUP(H37,$M$19:$N$24,2,FALSE) -> 0.00825 | K37: =SUM(B37:C37) -> 12 | L37: Read Auxiliary Register Group B | N37: 12 Cells | O37: ADC Conv time | P37: =($P$23*$Q$31)*6+VLOOKUP(P18,$V$39:$AC$46,7+P19,FALSE)*10^-6 -> 0.001216 | W37: CONVERSION TIMES (ADCV 12 Cells) (in ms) | AG37: CONVERSION TIMES (in ms)
A38: RDAUXC | B38: 4 | C38: =8*Configuration!$C$2 -> 8 | D38: =((B38*8*Configuration!$C$4)+(C38*8*Configuration!$C$4))*$Q$1 -> 6.24e-05 | E38: 0 | F38: =(D38+E38+$Q$3) -> 8.24e-05 | G38: Refon | H38: Isoact | I38: =VLOOKUP(G38,$M$19:$N$23,2,FALSE) + VLOOKUP(H38,$M$19:$N$24,2,FALSE) -> 0.00825 | K38: =SUM(B38:C38) -> 12 | L38: Read Auxiliary Register Group C | N38: 2 Cells | O38: ADC Conv time | P38: =($P$23*$Q$31)*2+VLOOKUP(P18,AF38:AI46,4,FALSE)*10^-6 -> 0.000402 | V38: MODE | W38: t0 | X38: t1M | Y38: t2M | Z38: t5M | AA38: t6M | AB38: tC,MCAL=0 | AC38: tC,MCAL=1 | AF38: MODE | AG38: t0 | AH38: t1M | AI38: tC
A39: RDAUXD | B39: 4 | C39: =8*Configuration!$C$2 -> 8 | D39: =((B39*8*Configuration!$C$4)+(C39*8*Configuration!$C$4))*$Q$1 -> 6.24e-05 | E39: 0 | F39: =(D39+E39+$Q$3) -> 8.24e-05 | G39: Refon | H39: Isoact | I39: =VLOOKUP(G39,$M$19:$N$23,2,FALSE) + VLOOKUP(H39,$M$19:$N$24,2,FALSE) -> 0.00825 | K39: =SUM(B39:C39) -> 12 | L39: Read Auxiliary Register Group D | V39: 27kHz | W39: 0 | X39: 63 | Y39: 111 | Z39: 256 | AA39: 304 | AB39: 576 | AC39: 1158 | AD39: =AB39-AA39 -> 272 | AE39: =AC39-AA39 -> 854 | AF39: 27kHz | AG39: 0 | AH39: 63 | AI39: 199 | AJ39: =AI39-AH39 -> 136 | AL39: =AJ39+X39 -> 199 | AM39: =AE39/6 -> 142.33333 | AN39: =AL39+Y39 -> 310
A40: RDRAXA | B40: 4 | C40: =8*Configuration!$C$2 -> 8 | D40: =((B40*8*Configuration!$C$4)+(C40*8*Configuration!$C$4))*$Q$1 -> 6.24e-05 | E40: 0 | F40: =(D40+E40+$Q$3) -> 8.24e-05 | G40: Refon | H40: Isoact | I40: =VLOOKUP(G40,$M$19:$N$23,2,FALSE) + VLOOKUP(H40,$M$19:$N$24,2,FALSE) -> 0.00825 | K40: =SUM(B40:C40) -> 12 | L40: Read Redundant Auxiliary Register Group A | V40: 14kHz | W40: 0 | X40: 92 | Y40: 170 | Z40: 401 | AA40: 479 | AB40: 750 | AC40: 1332 | AD40: =AB40-AA40 -> 271 | AE40: =AC40-AA40 -> 853 | AF40: 14kHz | AG40: 0 | AH40: 93 | AI40: 228 | AJ40: =AI40-AH40 -> 135 | AL40: =AJ40+X40 -> 227 | AM40: =AE40/6 -> 142.16667 | AN40: =AL40+Y40 -> 397
A41: RDRAXB | B41: 4 | C41: =8*Configuration!$C$2 -> 8 | D41: =((B41*8*Configuration!$C$4)+(C41*8*Configuration!$C$4))*$Q$1 -> 6.24e-05 | E41: 0 | F41: =(D41+E41+$Q$3) -> 8.24e-05 | G41: Refon | H41: Isoact | I41: =VLOOKUP(G41,$M$19:$N$23,2,FALSE) + VLOOKUP(H41,$M$19:$N$24,2,FALSE) -> 0.00825 | K41: =SUM(B41:C41) -> 12 | L41: Read Redundant Auxiliary Register Group B | V41: 7kHz | W41: 0 | X41: 150 | Y41: 286 | Z41: 692 | AA41: 828 | AB41: 1216 | AC41: 2380 | AD41: =AB41-AA41 -> 388 | AE41: =AC41-AA41 -> 1552 | AF41: 7kHz | AG41: 0 | AH41: 150 | AI41: 402 | AJ41: =AI41-AH41 -> 252 | AL41: =AJ41+X41 -> 402 | AM41: =AE41/6 -> 258.66667 | AN41: =AL41+Y41 -> 688
A42: RDRAXC | B42: 4 | C42: =8*Configuration!$C$2 -> 8 | D42: =((B42*8*Configuration!$C$4)+(C42*8*Configuration!$C$4))*$Q$1 -> 6.24e-05 | E42: 0 | F42: =(D42+E42+$Q$3) -> 8.24e-05 | G42: Refon | H42: Isoact | I42: =VLOOKUP(G42,$M$19:$N$23,2,FALSE) + VLOOKUP(H42,$M$19:$N$24,2,FALSE) -> 0.00825 | K42: =SUM(B42:C42) -> 12 | L42: Read Redundant Auxiliary Register Group C | V42: 3kHz | W42: 0 | X42: 267 | Y42: 519 | Z42: 1274 | AA42: 1526 | AB42: 1914 | AC42: 3078 | AD42: =AB42-AA42 -> 388 | AE42: =AC42-AA42 -> 1552 | AF42: 3kHz | AG42: 0 | AH42: 267 | AI42: 519 | AJ42: =AI42-AH42 -> 252 | AL42: =AJ42+X42 -> 519 | AM42: =AE42/6 -> 258.66667 | AN42: =AL42+Y42 -> 1038
A43: RDRAXD | B43: 4 | C43: =8*Configuration!$C$2 -> 8 | D43: =((B43*8*Configuration!$C$4)+(C43*8*Configuration!$C$4))*$Q$1 -> 6.24e-05 | E43: 0 | F43: =(D43+E43+$Q$3) -> 8.24e-05 | G43: Refon | H43: Isoact | I43: =VLOOKUP(G43,$M$19:$N$23,2,FALSE) + VLOOKUP(H43,$M$19:$N$24,2,FALSE) -> 0.00825 | K43: =SUM(B43:C43) -> 12 | L43: Read Redundant Auxiliary Register Group D | V43: 2kHz | W43: 0 | X43: 500 | Y43: 984 | Z43: 2438 | AA43: 2922 | AB43: 3310 | AC43: 4474 | AD43: =AB43-AA43 -> 388 | AE43: =AC43-AA43 -> 1552 | AF43: 2kHz | AG43: 0 | AH43: 500 | AI43: 751 | AJ43: =AI43-AH43 -> 251 | AL43: =AJ43+X43 -> 751 | AM43: =AE43/6 -> 258.66667 | AN43: =AL43+Y43 -> 1735
A44: RDSTATA | B44: 4 | C44: =8*Configuration!$C$2 -> 8 | D44: =((B44*8*Configuration!$C$4)+(C44*8*Configuration!$C$4))*$Q$1 -> 6.24e-05 | E44: 0 | F44: =(D44+E44+$Q$3) -> 8.24e-05 | G44: Refon | H44: Isoact | I44: =VLOOKUP(G44,$M$19:$N$23,2,FALSE) + VLOOKUP(H44,$M$19:$N$24,2,FALSE) -> 0.00825 | K44: =SUM(B44:C44) -> 12 | L44: Read Status Register Group A | V44: 1kHz | W44: 0 | X44: 965 | Y44: 1915 | Z44: 4765 | AA44: 5715 | AB44: 6103 | AC44: 7267 | AD44: =AB44-AA44 -> 388 | AE44: =AC44-AA44 -> 1552 | AF44: 1kHz | AG44: 0 | AH44: 965 | AI44: 1217 | AJ44: =AI44-AH44 -> 252 | AL44: =AJ44+X44 -> 1217 | AM44: =AE44/6 -> 258.66667 | AN44: =AL44+Y44 -> 3132
A45: RDSTATB | B45: 4 | C45: =8*Configuration!$C$2 -> 8 | D45: =((B45*8*Configuration!$C$4)+(C45*8*Configuration!$C$4))*$Q$1 -> 6.24e-05 | E45: 0 | F45: =(D45+E45+$Q$3) -> 8.24e-05 | G45: Refon | H45: Isoact | I45: =VLOOKUP(G45,$M$19:$N$23,2,FALSE) + VLOOKUP(H45,$M$19:$N$24,2,FALSE) -> 0.00825 | K45: =SUM(B45:C45) -> 12 | L45: Read Status Register Group B | V45: 422Hz | W45: 0 | X45: 1896 | Y45: 3777 | Z45: 9420 | AA45: 11301 | AB45: 11689 | AC45: 12853 | AD45: =AB45-AA45 -> 388 | AE45: =AC45-AA45 -> 1552 | AF45: 422Hz | AG45: 0 | AH45: 1896 | AI45: 2148 | AJ45: =AI45-AH45 -> 252 | AK45: =AJ45*6 -> 1512 | AL45: =AJ45+X45 -> 2148 | AM45: =AE45/6 -> 258.66667 | AN45: =AL45+Y45 -> 5925
A46: RDSTATC | B46: 4 | C46: =8*Configuration!$C$2 -> 8 | D46: =((B46*8*Configuration!$C$4)+(C46*8*Configuration!$C$4))*$Q$1 -> 6.24e-05 | E46: 0 | F46: =(D46+E46+$Q$3) -> 8.24e-05 | G46: Refon | H46: Isoact | I46: =VLOOKUP(G46,$M$19:$N$23,2,FALSE) + VLOOKUP(H46,$M$19:$N$24,2,FALSE) -> 0.00825 | K46: =SUM(B46:C46) -> 12 | L46: Read Status Register Group C | V46: 26Hz | W46: 0 | X46: 29823 | Y46: 59632 | Z46: 149056 | AA46: 178864 | AB46: 182743 | AC46: 201362 | AD46: =AB46-AA46 -> 3879 | AE46: =AC46-AA46 -> 22498 | AF46: 26Hz | AG46: 0 | AH46: 29823 | AI46: 33566 | AJ46: =AI46-AH46 -> 3743 | AL46: =AJ46+X46 -> 33566 | AM46: =AE46/6 -> 3749.6667 | AN46: =AL46+Y46 -> 93198
A47: RDSTATD | B47: 4 | C47: =8*Configuration!$C$2 -> 8 | D47: =((B47*8*Configuration!$C$4)+(C47*8*Configuration!$C$4))*$Q$1 -> 6.24e-05 | E47: 0 | F47: =(D47+E47+$Q$3) -> 8.24e-05 | G47: Refon | H47: Isoact | I47: =VLOOKUP(G47,$M$19:$N$23,2,FALSE) + VLOOKUP(H47,$M$19:$N$24,2,FALSE) -> 0.00825 | K47: =SUM(B47:C47) -> 12 | L47: Read Status Register Group D | M47: Meas | N47: 0.0112 | P47: =P22 -> 3 | Q47: OWA value
A48: RDSTATE | B48: 4 | C48: =8*Configuration!$C$2 -> 8 | D48: =((B48*8*Configuration!$C$4)+(C48*8*Configuration!$C$4))*$Q$1 -> 6.24e-05 | E48: 0 | F48: =(D48+E48+$Q$3) -> 8.24e-05 | G48: Refon | H48: Isoact | I48: =VLOOKUP(G48,$M$19:$N$23,2,FALSE) + VLOOKUP(H48,$M$19:$N$24,2,FALSE) -> 0.00825 | K48: =SUM(B48:C48) -> 12 | L48: Read Status Register Group E
A49: RDASALL | B49: 4 | C49: =54*Configuration!$C$2+2 -> 56 | D49: =((B49*8*Configuration!$C$4)+(C49*8*Configuration!$C$4))*$Q$1 -> 0.000312 | E49: 0 | F49: =(D49+E49+$Q$3) -> 0.000332 | G49: Refon | H49: Isoact | I49: =VLOOKUP(G49,$M$19:$N$23,2,FALSE) + VLOOKUP(H49,$M$19:$N$24,2,FALSE) -> 0.00825 | K49: =SUM(B49:C49) -> 60 | L49: Read All Aux/Status Registers
A50: ADCV | B50: 4 | C50: 0 | D50: =((B50*8*Configuration!$C$4)+(C50*8*Configuration!$C$4))*$Q$1 -> 2.08e-05 | E50: 0 | F50: =(D50+E50+$Q$3) -> 4.08e-05 | G50: Meas | H50: Standby | I50: =VLOOKUP(G50,$M$19:$N$23,2,FALSE) + VLOOKUP(H50,$M$19:$N$24,2,FALSE) -> 0.01126 | K50: =SUM(B50:C50) -> 4 | L50: Start Cell Voltage ADC Conver-sion and Poll Status | AG50: ADLEAK command measuring 2 channels
A51: ADSV | B51: 4 | C51: 0 | D51: =((B51*8*Configuration!$C$4)+(C51*8*Configuration!$C$4))*$Q$1 -> 2.08e-05 | E51: 0 | F51: =(D51+E51+$Q$3) -> 4.08e-05 | G51: Meas | H51: Standby | I51: =VLOOKUP(G51,$M$19:$N$23,2,FALSE) + VLOOKUP(H51,$M$19:$N$24,2,FALSE) -> 0.01126 | K51: =SUM(B51:C51) -> 4 | L51: Start S-ADC Conversion and Poll Status | N51: 12 Cells | O51: ADLEAK Conv time | P51: =($P$23*$Q$31)*6+VLOOKUP($P$18,$V$53:$AB$60,7,FALSE)*10^-6 -> 0.001674 | W51: CONVERSION TIMES (in ms) ADLEAK 12 cells | AG51: CONVERSION TIMES (in ms)
A52: ADAX | B52: 4 | C52: 0 | D52: =((B52*8*Configuration!$C$4)+(C52*8*Configuration!$C$4))*$Q$1 -> 2.08e-05 | E52: 0 | F52: =(D52+E52+$Q$3) -> 4.08e-05 | G52: Meas | H52: Standby | I52: =VLOOKUP(G52,$M$19:$N$23,2,FALSE) + VLOOKUP(H52,$M$19:$N$24,2,FALSE) -> 0.01126 | K52: =SUM(B52:C52) -> 4 | L52: Start AUX ADC Conversions and Poll Status | O52: CVOW | P52: =($Q$31)*6+VLOOKUP($P$18,$V$53:$AB$60,7,FALSE)*10^-6 -> 0.0026049091 | V52: MODE | W52: t0 | X52: t1M | Y52: t2M | Z52: t5M | AA52: t6M | AB52: t12M | AF52: MODE | AG52: t0 | AH52: t1M | AI52: t2M
A53: ADAX2 | B53: 4 | C53: 0 | D53: =((B53*8*Configuration!$C$4)+(C53*8*Configuration!$C$4))*$Q$1 -> 2.08e-05 | E53: 0 | F53: =(D53+E53+$Q$3) -> 4.08e-05 | G53: Meas | H53: Standby | I53: =VLOOKUP(G53,$M$19:$N$23,2,FALSE) + VLOOKUP(H53,$M$19:$N$24,2,FALSE) -> 0.01126 | K53: =SUM(B53:C53) -> 4 | L53: Start AUX2 ADC Conversions and Poll Status | V53: 27kHz | W53: 0 | X53: 63 | Y53: 111 | Z53: 256 | AA53: 304 | AB53: 627 | AF53: 27kHz | AG53: 0 | AH53: 63 | AI53: 111 | AJ53: =AI53-AH53 -> 48
A54: CLRCELL | B54: 4 | C54: 0 | D54: =((B54*8*Configuration!$C$4)+(C54*8*Configuration!$C$4))*$Q$1 -> 2.08e-05 | E54: 0 | F54: =(D54+E54+$Q$3) -> 4.08e-05 | G54: Refon | H54: Isoact | I54: =VLOOKUP(G54,$M$19:$N$23,2,FALSE) + VLOOKUP(H54,$M$19:$N$24,2,FALSE) -> 0.00825 | K54: =SUM(B54:C54) -> 4 | L54: Clear Cell Voltage Register Groups | V54: 14kHz | W54: 0 | X54: 92 | Y54: 170 | Z54: 401 | AA54: 479 | AB54: 976 | AF54: 14kHz | AG54: 0 | AH54: 93 | AI54: 170 | AJ54: =AI54-AH54 -> 77
A55: CLRFC | B55: 4 | C55: 0 | D55: =((B55*8*Configuration!$C$4)+(C55*8*Configuration!$C$4))*$Q$1 -> 2.08e-05 | E55: 0 | F55: =(D55+E55+$Q$3) -> 4.08e-05 | G55: Refon | H55: Isoact | I55: =VLOOKUP(G55,$M$19:$N$23,2,FALSE) + VLOOKUP(H55,$M$19:$N$24,2,FALSE) -> 0.00825 | K55: =SUM(B55:C55) -> 4 | L55: Clear Filtered Cell Voltage Register Groups | V55: 7kHz | W55: 0 | X55: 150 | Y55: 286 | Z55: 692 | AA55: 828 | AB55: 1674 | AF55: 7kHz | AG55: 0 | AH55: 150 | AI55: 286 | AJ55: =AI55-AH55 -> 136
A56: CLRAUX | B56: 4 | C56: 0 | D56: =((B56*8*Configuration!$C$4)+(C56*8*Configuration!$C$4))*$Q$1 -> 2.08e-05 | E56: 0 | F56: =(D56+E56+$Q$3) -> 4.08e-05 | G56: Refon | H56: Isoact | I56: =VLOOKUP(G56,$M$19:$N$23,2,FALSE) + VLOOKUP(H56,$M$19:$N$24,2,FALSE) -> 0.00825 | K56: =SUM(B56:C56) -> 4 | L56: Clear Auxiliary Register Groups | V56: 3kHz | W56: 0 | X56: 267 | Y56: 519 | Z56: 1274 | AA56: 1526 | AB56: 3071 | AF56: 3kHz | AG56: 0 | AH56: 267 | AI56: 519 | AJ56: =AI56-AH56 -> 252
A57: CLRSPIN | B57: 4 | C57: 0 | D57: =((B57*8*Configuration!$C$4)+(C57*8*Configuration!$C$4))*$Q$1 -> 2.08e-05 | E57: 0 | F57: =(D57+E57+$Q$3) -> 4.08e-05 | G57: Refon | H57: Isoact | I57: =VLOOKUP(G57,$M$19:$N$23,2,FALSE) + VLOOKUP(H57,$M$19:$N$24,2,FALSE) -> 0.00825 | K57: =SUM(B57:C57) -> 4 | L57: Clear S-Voltage Register Groups | V57: 2kHz | W57: 0 | X57: 500 | Y57: 984 | Z57: 2438 | AA57: 2923 | AB57: 5863 | AF57: 2kHz | AG57: 0 | AH57: 500 | AI57: 984 | AJ57: =AI57-AH57 -> 484
A58: CLRFLAG | B58: 4 | C58: =8*Configuration!$C$2 -> 8 | D58: =((B58*8*Configuration!$C$4)+(C58*8*Configuration!$C$4))*$Q$1 -> 6.24e-05 | E58: 0 | F58: =(D58+E58+$Q$3) -> 8.24e-05 | G58: Refon | H58: Isoact | I58: =VLOOKUP(G58,$M$19:$N$23,2,FALSE) + VLOOKUP(H58,$M$19:$N$24,2,FALSE) -> 0.00825 | K58: =SUM(B58:C58) -> 12 | L58: Clear Flags | V58: 1kHz | W58: 0 | X58: 965 | Y58: 1915 | Z58: 4765 | AA58: 5715 | AB58: 11449 | AF58: 1kHz | AG58: 0 | AH58: 965 | AI58: 1915 | AJ58: =AI58-AH58 -> 950
A59: CLOVUV | B59: 4 | C59: =8*Configuration!$C$2 -> 8 | D59: =((B59*8*Configuration!$C$4)+(C59*8*Configuration!$C$4))*$Q$1 -> 6.24e-05 | E59: 0 | F59: =(D59+E59+$Q$3) -> 8.24e-05 | G59: Refon | H59: Isoact | I59: =VLOOKUP(G59,$M$19:$N$23,2,FALSE) + VLOOKUP(H59,$M$19:$N$24,2,FALSE) -> 0.00825 | K59: =SUM(B59:C59) -> 12 | L59: Clear OVUV | V59: 422Hz | W59: 0 | X59: 1896 | Y59: 3777 | Z59: 9420 | AA59: 11301 | AB59: 22620 | AF59: 422Hz | AG59: 0 | AH59: 1896 | AI59: 3777 | AJ59: =AI59-AH59 -> 1881
A60: PLADC | B60: 4 | C60: =Configuration!$C$2/8*2 -> 0.25 | D60: =((B60*8*Configuration!$C$4)+(C60*8*Configuration!$C$4))*$Q$1 -> 2.21e-05 | E60: 0 | F60: =(D60+E60+$Q$3) -> 4.21e-05 | G60: Refon | H60: Isoact | I60: =VLOOKUP(G60,$M$19:$N$23,2,FALSE) + VLOOKUP(H60,$M$19:$N$24,2,FALSE) -> 0.00825 | K60: =SUM(B60:C60) -> 4.25 | L60: Poll any ADC and Authentica-tion Status | V60: 26Hz | W60: 0 | X60: 29823 | Y60: 59631 | Z60: 149056 | AA60: 178864 | AB60: 357747 | AF60: 26Hz | AG60: 0 | AH60: 29823 | AI60: 59631 | AJ60: =AI60-AH60 -> 29808
A61: PLCADC | B61: 4 | C61: =Configuration!$C$2/8*2 -> 0.25 | D61: =((B61*8*Configuration!$C$4)+(C61*8*Configuration!$C$4))*$Q$1 -> 2.21e-05 | E61: 0 | F61: =(D61+E61+$Q$3) -> 4.21e-05 | G61: Refon | H61: Isoact | I61: =VLOOKUP(G61,$M$19:$N$23,2,FALSE) + VLOOKUP(H61,$M$19:$N$24,2,FALSE) -> 0.00825 | K61: =SUM(B61:C61) -> 4.25 | L61: Poll C-ADC
A62: PLSADC | B62: 4 | C62: =Configuration!$C$2/8*2 -> 0.25 | D62: =((B62*8*Configuration!$C$4)+(C62*8*Configuration!$C$4))*$Q$1 -> 2.21e-05 | E62: 0 | F62: =(D62+E62+$Q$3) -> 4.21e-05 | G62: Refon | H62: Isoact | I62: =VLOOKUP(G62,$M$19:$N$23,2,FALSE) + VLOOKUP(H62,$M$19:$N$24,2,FALSE) -> 0.00825 | K62: =SUM(B62:C62) -> 4.25 | L62: Poll S-ADC
A63: PLAUX1 | B63: 4 | C63: =Configuration!$C$2/8*2 -> 0.25 | D63: =((B63*8*Configuration!$C$4)+(C63*8*Configuration!$C$4))*$Q$1 -> 2.21e-05 | E63: 0 | F63: =(D63+E63+$Q$3) -> 4.21e-05 | G63: Refon | H63: Isoact | I63: =VLOOKUP(G63,$M$19:$N$23,2,FALSE) + VLOOKUP(H63,$M$19:$N$24,2,FALSE) -> 0.00825 | K63: =SUM(B63:C63) -> 4.25 | L63: Poll Aux1 ADC
A64: PLAUX2 | B64: 4 | C64: =Configuration!$C$2/8*2 -> 0.25 | D64: =((B64*8*Configuration!$C$4)+(C64*8*Configuration!$C$4))*$Q$1 -> 2.21e-05 | E64: 0 | F64: =(D64+E64+$Q$3) -> 4.21e-05 | G64: Refon | H64: Isoact | I64: =VLOOKUP(G64,$M$19:$N$23,2,FALSE) + VLOOKUP(H64,$M$19:$N$24,2,FALSE) -> 0.00825 | K64: =SUM(B64:C64) -> 4.25 | L64: Poll Aux2 ADC | W64: ADSC command measuring 2 cells
A65: WRCOMM | B65: 4 | C65: =8*Configuration!$C$2 -> 8 | D65: =((B65*8*Configuration!$C$4)+(C65*8*Configuration!$C$4))*$Q$1 -> 6.24e-05 | E65: 0 | F65: =(D65+E65+$Q$3) -> 8.24e-05 | G65: Refon | H65: Isoact | I65: =VLOOKUP(G65,$M$19:$N$23,2,FALSE) + VLOOKUP(H65,$M$19:$N$24,2,FALSE) -> 0.00825 | K65: =SUM(B65:C65) -> 12 | L65: Write COMM Register Group | O65: ADSC Conv time | P65: =($P$23*$Q$31)*2+VLOOKUP($P$18,$V$67:$Y$74,4,FALSE)*10^-6 -> 0.00042 | W65: CONVERSION TIMES (in ms)
A66: RDCOMM | B66: 4 | C66: =8*Configuration!$C$2 -> 8 | D66: =((B66*8*Configuration!$C$4)+(C66*8*Configuration!$C$4))*$Q$1 -> 6.24e-05 | E66: 0 | F66: =(D66+E66+$Q$3) -> 8.24e-05 | G66: Refon | H66: Isoact | I66: =VLOOKUP(G66,$M$19:$N$23,2,FALSE) + VLOOKUP(H66,$M$19:$N$24,2,FALSE) -> 0.00825 | K66: =SUM(B66:C66) -> 12 | L66: Read COMM Register Group | V66: MODE | W66: t0 | X66: t1M | Y66: tC
A67: STCOMM | B67: 4 | C67: 0 | D67: =((B67*8*Configuration!$C$4)+(C67*8*Configuration!$C$4))*$Q$1 -> 2.08e-05 | E67: 0 | F67: =(D67+E67+$Q$3) -> 4.08e-05 | G67: Refon | H67: Isoact | I67: =VLOOKUP(G67,$M$19:$N$23,2,FALSE) + VLOOKUP(H67,$M$19:$N$24,2,FALSE) -> 0.00825 | K67: =SUM(B67:C67) -> 4 | L67: Start I2C/SPI Communication | V67: 27kHz | W67: 0 | X67: 63 | Y67: 217 | Z67: =Y67-X67 -> 154 | AA67: =X67*2 -> 126
A68: MUTE | B68: 4 | C68: 0 | D68: =((B68*8*Configuration!$C$4)+(C68*8*Configuration!$C$4))*$Q$1 -> 2.08e-05 | E68: 0 | F68: =(D68+E68+$Q$3) -> 4.08e-05 | G68: Meas | H68: Standby | I68: =VLOOKUP(G68,$M$19:$N$23,2,FALSE) + VLOOKUP(H68,$M$19:$N$24,2,FALSE) -> 0.01126 | L68: Mute Discharge | V68: 14kHz | W68: 0 | X68: 93 | Y68: 246 | Z68: =Y68-X68 -> 153 | AA68: =X68*2 -> 186
A69: UNMUTE | B69: 4 | C69: 0 | D69: =((B69*8*Configuration!$C$4)+(C69*8*Configuration!$C$4))*$Q$1 -> 2.08e-05 | E69: 0 | F69: =(D69+E69+$Q$3) -> 4.08e-05 | G69: Meas | H69: Standby | I69: =VLOOKUP(G69,$M$19:$N$23,2,FALSE) + VLOOKUP(H69,$M$19:$N$24,2,FALSE) -> 0.01126 | L69: Unmute Discharge | V69: 7kHz | W69: 0 | X69: 150 | Y69: 420 | Z69: =Y69-X69 -> 270 | AA69: =X69*2 -> 300
A70: RDSID | B70: 4 | C70: =8*Configuration!$C$2 -> 8 | D70: =((B70*8*Configuration!$C$4)+(C70*8*Configuration!$C$4))*$Q$1 -> 6.24e-05 | E70: 0 | F70: =(D70+E70+$Q$3) -> 8.24e-05 | G70: Refon | H70: Isoact | I70: =VLOOKUP(G70,$M$19:$N$23,2,FALSE) + VLOOKUP(H70,$M$19:$N$24,2,FALSE) -> 0.00825 | K70: =SUM(B70:C70) -> 12 | L70: Read Serial ID Register Group | V70: 3kHz | W70: 0 | X70: 267 | Y70: 537 | Z70: =Y70-X70 -> 270 | AA70: =X70*2 -> 534
A71: STAUTH | B71: 4 | C71: 0 | D71: =((B71*8*Configuration!$C$4)+(C71*8*Configuration!$C$4))*$Q$1 -> 2.08e-05 | E71: 0 | F71: =(D71+E71+$Q$3) -> 4.08e-05 | G71: Refon | H71: Isoact | I71: =VLOOKUP(G71,$M$19:$N$23,2,FALSE) + VLOOKUP(H71,$M$19:$N$24,2,FALSE) -> 0.00825 | K71: =SUM(B71:C71) -> 4 | L71: Start Authentication Calcula-tion | V71: 2kHz | W71: 0 | X71: 500 | Y71: 769 | Z71: =Y71-X71 -> 269 | AA71: =X71*2 -> 1000
A72: RDAUTH | B72: 4 | C72: =8*Configuration!$C$2 -> 8 | D72: =((B72*8*Configuration!$C$4)+(C72*8*Configuration!$C$4))*$Q$1 -> 6.24e-05 | E72: 0 | F72: =(D72+E72+$Q$3) -> 8.24e-05 | G72: Refon | H72: Isoact | I72: =VLOOKUP(G72,$M$19:$N$23,2,FALSE) + VLOOKUP(H72,$M$19:$N$24,2,FALSE) -> 0.00825 | K72: =SUM(B72:C72) -> 12 | L72: Read Authentication Calcula-tion Result | V72: 1kHz | W72: 0 | X72: 965 | Y72: 1235 | Z72: =Y72-X72 -> 270 | AA72: =X72*2 -> 1930
A73: RSTCC | B73: 4 | C73: 0 | D73: =((B73*8*Configuration!$C$4)+(C73*8*Configuration!$C$4))*$Q$1 -> 2.08e-05 | E73: 0 | F73: =(D73+E73+$Q$3) -> 4.08e-05 | G73: Refon | H73: Isoact | I73: =VLOOKUP(G73,$M$19:$N$23,2,FALSE) + VLOOKUP(H73,$M$19:$N$24,2,FALSE) -> 0.00825 | K73: =SUM(B73:C73) -> 4 | L73: Reset Command Counter | V73: 422Hz | W73: 0 | X73: 1896 | Y73: 2166 | Z73: =Y73-X73 -> 270 | AA73: =X73*2 -> 3792
A74: SNAP | B74: 4 | C74: 0 | D74: =((B74*8*Configuration!$C$4)+(C74*8*Configuration!$C$4))*$Q$1 -> 2.08e-05 | E74: 0 | F74: =(D74+E74+$Q$3) -> 4.08e-05 | G74: Refon | H74: Isoact | I74: =VLOOKUP(G74,$M$19:$N$23,2,FALSE) + VLOOKUP(H74,$M$19:$N$24,2,FALSE) -> 0.00825 | K74: =SUM(B74:C74) -> 4 | L74: Snapshot | V74: 26Hz | W74: 0 | X74: 29823 | Y74: 33584 | Z74: =Y74-X74 -> 3761 | AA74: =X74*2 -> 59646
A75: UNSNAP | B75: 4 | C75: 0 | D75: =((B75*8*Configuration!$C$4)+(C75*8*Configuration!$C$4))*$Q$1 -> 2.08e-05 | E75: 0 | F75: =(D75+E75+$Q$3) -> 4.08e-05 | G75: Refon | H75: Isoact | I75: =VLOOKUP(G75,$M$19:$N$23,2,FALSE) + VLOOKUP(H75,$M$19:$N$24,2,FALSE) -> 0.00825 | K75: =SUM(B75:C75) -> 4 | L75: Release Snapshot
A76: SRST | B76: 4 | C76: 0 | D76: =((B76*8*Configuration!$C$4)+(C76*8*Configuration!$C$4))*$Q$1 -> 2.08e-05 | E76: 0 | F76: =(D76+E76+$Q$3) -> 4.08e-05 | G76: Refon | H76: Standby | I76: =VLOOKUP(G76,$M$19:$N$23,2,FALSE) + VLOOKUP(H76,$M$19:$N$24,2,FALSE) -> 0.00131 | K76: =SUM(B76:C76) -> 4 | L76: Soft Reset
A77: WRPWMA | B77: 4 | C77: =8*Configuration!$C$2 -> 8 | D77: =((B77*8*Configuration!$C$4)+(C77*8*Configuration!$C$4))*$Q$1 -> 6.24e-05 | E77: 0 | F77: =(D77+E77+$Q$3) -> 8.24e-05 | G77: Refon | H77: Isoact | I77: =VLOOKUP(G77,$M$19:$N$23,2,FALSE) + VLOOKUP(H77,$M$19:$N$24,2,FALSE) -> 0.00825 | K77: =SUM(B77:C77) -> 12 | L77: Write PWM Register Gr. A | Y77: Conversion and Synchronization times for ADCVSC command
A78: WRPWMB | B78: 4 | C78: =8*Configuration!$C$2 -> 8 | D78: =((B78*8*Configuration!$C$4)+(C78*8*Configuration!$C$4))*$Q$1 -> 6.24e-05 | E78: 0 | F78: =(D78+E78+$Q$3) -> 8.24e-05 | G78: Refon | H78: Isoact | I78: =VLOOKUP(G78,$M$19:$N$23,2,FALSE) + VLOOKUP(H78,$M$19:$N$24,2,FALSE) -> 0.00825 | K78: =SUM(B78:C78) -> 12 | L78: Write PWM Register Gr. B | O78: ADCVSC Conv time | P78: =($P$23*$Q$31)*6+VLOOKUP($P$18,$V$80:$AE$87,10,FALSE)*10^-6 -> 0.002792 | W78: CONVERSION TIMES (in ms)
A79: RDPWMA | B79: 4 | C79: =8*Configuration!$C$2 -> 8 | D79: =((B79*8*Configuration!$C$4)+(C79*8*Configuration!$C$4))*$Q$1 -> 6.24e-05 | E79: 0 | F79: =(D79+E79+$Q$3) -> 8.24e-05 | G79: Refon | H79: Isoact | I79: =VLOOKUP(G79,$M$19:$N$23,2,FALSE) + VLOOKUP(H79,$M$19:$N$24,2,FALSE) -> 0.00825 | K79: =SUM(B79:C79) -> 12 | L79: Read PWM Register Gr. A | V79: MODE | W79: t0 | X79: t1M | Y79: t2M | Z79: t3M | AA79: t4M | AB79: t5M | AC79: t6M | AD79: t7M | AE79: tC,MCAL=1 or 0
A80: RDPWMB | B80: 4 | C80: =8*Configuration!$C$2 -> 8 | D80: =((B80*8*Configuration!$C$4)+(C80*8*Configuration!$C$4))*$Q$1 -> 6.24e-05 | E80: 0 | F80: =(D80+E80+$Q$3) -> 8.24e-05 | G80: Refon | H80: Isoact | I80: =VLOOKUP(G80,$M$19:$N$23,2,FALSE) + VLOOKUP(H80,$M$19:$N$24,2,FALSE) -> 0.00825 | K80: =SUM(B80:C80) -> 12 | L80: Read PWM Register Gr. B | V80: 27kHz | W80: 0 | X80: 63 | Y80: 112 | Z80: 160 | AA80: 221 | AB80: 269 | AC80: 317 | AD80: 365 | AE80: 1367 | AF80: =AE80-AD80 -> 1002
A81: RDAUXE | B81: 4 | C81: =8*Configuration!$C$2 -> 8 | D81: =((B81*8*Configuration!$C$4)+(C81*8*Configuration!$C$4))*$Q$1 -> 6.24e-05 | E81: 0 | F81: =(D81+E81+$Q$3) -> 8.24e-05 | G81: Refon | H81: Isoact | I81: =VLOOKUP(G81,$M$19:$N$23,2,FALSE) + VLOOKUP(H81,$M$19:$N$24,2,FALSE) -> 0.00825 | K81: =SUM(B81:C81) -> 12 | L81: Read Redundant Auxiliary Register Group E | M81: For ADBMS6832 | V81: 14kHz | W81: 0 | X81: 93 | Y81: 170 | Z81: 247 | AA81: 337 | AB81: 414 | AC81: 492 | AD81: 569 | AE81: 1571 | AF81: =AE81-AD81 -> 1002
V82: 7kHz | W82: 0 | X82: 150 | Y82: 286 | Z82: 421 | AA82: 570 | AB82: 705 | AC82: 840 | AD82: 976 | AE82: 2792 | AF82: =AE82-AD82 -> 1816
V83: 3kHz | W83: 0 | X83: 267 | Y83: 519 | Z83: 770 | AA83: 1035 | AB83: 1287 | AC83: 1539 | AD83: 1790 | AE83: 3607 | AF83: =AE83-AD83 -> 1817
V84: 2kHz | W84: 0 | X84: 500 | Y84: 984 | Z84: 1469 | AA84: 1966 | AB84: 2450 | AC84: 2935 | AD84: 3420 | AE84: 5236 | AF84: =AE84-AD84 -> 1816
V85: 1kHz | W85: 0 | X85: 965 | Y85: 1915 | Z85: 2865 | AA85: 3828 | AB85: 4778 | AC85: 5728 | AD85: 6678 | AE85: 8494 | AF85: =AE85-AD85 -> 1816
V86: 422Hz | W86: 0 | X86: 1896 | Y86: 3777 | Z86: 5658 | AA86: 7552 | AB86: 9433 | AC86: 11313 | AD86: 13194 | AE86: 15011 | AF86: =AE86-AD86 -> 1817
V87: 26Hz | W87: 0 | X87: 29823 | Y87: 59632 | Z87: 89440 | AA87: 119261 | AB87: 149069 | AC87: 178877 | AD87: 208685 | AE87: 234938 | AF87: =AE87-AD87 -> 26253
AD89: ADAX command measuring S0, all GPIOs and 2nd and 3rd reference
O90: ADAX Conv time | P90: 0.001502 | Z90: CONVERSION TIMES (in ms)
T91: 135.57143 | V91: MODE | W91: t0 | Y91: t1M | AA91: t2M | AB91: t3M | AC91: t4M | AD91: t5M | AE91: t6M | AF91: t7M | AG91: t8M | AH91: tC,MCAL=0 | AI91: tC,MCAL=1
V92: 27kHz | W92: 0 | Y92: 63 | AA92: 112 | AB92: 160 | AC92: 208 | AD92: 256 | AE92: 304 | AF92: 353 | AG92: 401 | AH92: 688 | AI92: 1502 | AJ92: =AH92-AG92 -> 287 | AK92: =AI92-AG92 -> 1101
V93: 14kHz | W93: 0 | Y93: 92 | AA93: 170 | AB93: 247 | AC93: 324 | AD93: 401 | AE93: 479 | AF93: 556 | AG93: 633 | AH93: 920 | AI93: 1735 | AJ93: =AH93-AG93 -> 287 | AK93: =AI93-AG93 -> 1102
V94: 7kHz | W94: 0 | Y94: 150 | AA94: 286 | AB94: 421 | AC94: 557 | AD94: 692 | AE94: 828 | AF94: 963 | AG94: 1099 | AH94: 1502 | AI94: 3131 | AJ94: =AH94-AG94 -> 403 | AK94: =AI94-AG94 -> 2032
V95: 3kHz | W95: 0 | Y95: 267 | AA95: 519 | AB95: 770 | AC95: 1022 | AD95: 1274 | AE95: 1526 | AF95: 1778 | AG95: 2030 | AH95: 2433 | AI95: 4062 | AJ95: =AH95-AG95 -> 403 | AK95: =AI95-AG95 -> 2032
V96: 2kHz | W96: 0 | Y96: 500 | AA96: 984 | AB96: 1469 | AC96: 1953 | AD96: 2438 | AE96: 2923 | AF96: 3407 | AG96: 3892 | AH96: 4295 | AI96: 5924 | AJ96: =AH96-AG96 -> 403 | AK96: =AI96-AG96 -> 2032
V97: 1kHz | W97: 0 | Y97: 965 | AA97: 1915 | AB97: 2865 | AC97: 3815 | AD97: 4765 | AE97: 5715 | AF97: 6665 | AG97: 7615 | AH97: 8018 | AI97: 9648 | AJ97: =AH97-AG97 -> 403 | AK97: =AI97-AG97 -> 2033
V98: 422Hz | W98: 0 | Y98: 1896 | AA98: 3777 | AB98: 5658 | AC98: 7539 | AD98: 9420 | AE98: 11301 | AF98: 13182 | AG98: 15063 | AH98: 15466 | AI98: 17095 | AJ98: =AH98-AG98 -> 403 | AK98: =AI98-AG98 -> 2032
V99: 26Hz | W99: 0 | Y99: 29823 | AA99: 59632 | AB99: 89440 | AC99: 119248 | AD99: 149056 | AE99: 178864 | AF99: 208673 | AG99: 238481 | AH99: 242375 | AI99: 268440 | AJ99: =AH99-AG99 -> 3894 | AK99: =AI99-AG99 -> 29959
Q101: =(2^((7+(5*P20)+(P22)))/(3.3*10^6)) -> 0.00031030303 | R101: (Aux Soak Time)
O102: ADOW Conv time | Q102: =($P$23*Q101)*6+VLOOKUP($P$18,$V$92:$AI$99,12,FALSE)*10^-6+VLOOKUP($P$18,$V$92:$AK$99,15+P19,FALSE)*10^-6 -> 0.001502
...

Sheet SPF IDs
A1: Name of SM | B1: Number of SM | C1: Addr. Failure Mode
A2: SM_VCELL_RED | B2: SM1 | C2: SPF | D2: Covered
A3: SM_IIR_RED | B3: SM2 | C3: SPF | D3: Not Covered Yet
A4: SM_SPI_RED | B4: SM3 | C4: SPF | D4: Unknown
A5: SM_SPI_PEC | B5: SM4 | C5: SPF
A6: SM_CLOCK_MON | B6: SM5 | C6: SPF
A7: SM_FREEZE_SEQ | B7: SM6 | C7: SPF
A8: SM_POWER_MON | B8: SM7 | C8: SPF
A9: SM_POWER_OOR | B9: SM8 | C9: SPF
A10: SM_CELL_OWD | B10: SM9 | C10: SPF (application)
A11: SM_VCELL_OOR | B11: SM12 | C11: SPF
A12: SM_VGPIO_RED | B12: SM14 | C12: SPF
A13: SM_VGPIO_OOR | B13: SM15 | C13: SPF
A14: SM_SPI_CNT | B14: SM16 | C14: SPF
A15: SM_TMOD_IND | B15: SM17 | C15: SPF
A16: SM_DIETEMP_OOR | B16: SM18 | C16: SPF
... A29: SM_NVM_ECC_DIAG | B29: SM31 | C29: LF
